"Title,""Subtitle"",""CELEX number"",""Initiating document"",""Procedure reference"",""Initial reference"",""Adopted acts"",""Latest consolidated version"",""Procedure status"",""ECLI identifier"",""Transposed legal act(s)"",""Date of document"",""Author"",""In force indicator"",""Number of pages"",""Publication Reference"","
"Regulation (EU) 2023/2844 of the European Parliament and of the Council of 13 December 2023 on the digitalisation of judicial cooperation and access to justice in cross-border civil, commercial and criminal matters, and amending certain acts in the field of judicial cooperation,""PE/50/2023/REV/1"",""32023R2844"","""","""","""","""","""",,"""","""",""2023-12-13"",""Council of the European Union, European Parliament"",""true"","""",""OJ L, 2023/2844,  27.12.2023, ELI: http://data.europa.eu/eli/reg/2023/2844/oj"
"Regulation (EU) 2023/2854 of the European Parliament and of the Council of 13 December 2023 on harmonised rules on fair access to and use of data and amending Regulation (EU) 2017/2394 and Directive (EU) 2020/1828 (Data Act),""PE/49/2023/REV/1"",""32023R2854"","""","""","""","""","""",,"""","""",""2023-12-13"",""Council of the European Union, European Parliament"",""true"","""",""OJ L, 2023/2854,  22.12.2023, ELI: http://data.europa.eu/eli/reg/2023/2854/oj"
"Regulation (EU) 2023/2859 of the European Parliament and of the Council of 13 December 2023 establishing a European single access point providing centralised access to publicly available information of relevance to financial services, capital markets and sustainability,""PE/42/2023/REV/1"",""32023R2859"","""","""","""","""","""",,"""","""",""2023-12-13"",""European Parliament, Council of the European Union"",""true"","""",""OJ L, 2023/2859,  20.12.2023, ELI: http://data.europa.eu/eli/reg/2023/2859/oj"
"Regulation (EU) 2023/2833 of the European Parliament and of the Council of 13 December 2023 establishing a catch documentation programme for bluefin tuna (Thunnus thynnus) and repealing Regulation (EU) No 640/2010,""PE/56/2023/REV/1"",""32023R2833"","""","""","""","""","""",,"""","""",""2023-12-13"",""European Parliament, Council of the European Union"",""true"","""",""OJ L, 2023/2833,  20.12.2023, ELI: http://data.europa.eu/eli/reg/2023/2833/oj"
"Regulation (EU, Euratom) 2023/2841 of the European Parliament and of the Council of 13 December 2023 laying down measures for a high common level of cybersecurity at the institutions, bodies, offices and agencies of the Union,""PE/57/2023/REV/1"",""32023R2841"","""","""","""","""","""",,"""","""",""2023-12-13"",""Council of the European Union, European Parliament"",""true"","""",""OJ L, 2023/2841,  18.12.2023, ELI: http://data.europa.eu/eli/reg/2023/2841/oj"
"Regulation (EU) 2023/2675 of the European Parliament and of the Council of 22 November 2023 on the protection of the Union and its Member States from economic coercion by third countries,""PE/34/2023/REV/1"",""32023R2675"","""","""","""","""","""",,"""","""",""2023-11-22"",""Council of the European Union, European Parliament"",""true"","""",""OJ L, 2023/2675,  07.12.2023, ELI: http://data.europa.eu/eli/reg/2023/2675/oj"
"		 (BG, ES, CS, DA, DE, ET, EL, EN, FR, GA, HR, IT, LV, LT, HU, MT, NL, PL, PT, RO, SK, SL, FI, SV)"","
"Regulation (EU) 2023/2631 of the European Parliament and of the Council of 22 November 2023 on European Green Bonds and optional disclosures for bonds marketed as environmentally sustainable and for sustainability-linked bonds,""PE/27/2023/REV/1"",""32023R2631"","""","""","""","""",""2024-01-09"",,"""","""",""2023-11-22"",""Council of the European Union, European Parliament"",""true"","""",""OJ L, 2023/2631,  30.11.2023, ELI: http://data.europa.eu/eli/reg/2023/2631/oj"
"		 (BG, ES, CS, DA, DE, ET, EL, EN, FR, GA, HR, IT, LV, LT, HU, MT, NL, PL, PT, RO, SK, SL, FI, SV)"","
"Regulation (EU) 2023/2405 of the European Parliament and of the Council of 18 October 2023 on ensuring a level playing field for sustainable air transport (ReFuelEU Aviation),""PE/29/2023/REV/1"",""32023R2405"","""","""","""","""","""",,"""","""",""2023-10-18"",""Council of the European Union, European Parliament"",""true"","""",""OJ L, 2023/2405,  31.10.2023, ELI: http://data.europa.eu/eli/reg/2023/2405/oj"
"		 (BG, ES, CS, DA, DE, ET, EL, EN, FR, GA, HR, IT, LV, LT, HU, MT, NL, PL, PT, RO, SK, SL, FI, SV)"","
"Directive (EU) 2023/2225 of the European Parliament and of the Council of 18 October 2023 on credit agreements for consumers and repealing Directive 2008/48/EC,""PE/22/2023/REV/1"",""32023L2225"","""","""","""","""","""",,"""","""",""2023-10-18"",""Council of the European Union, European Parliament"",""true"","""",""OJ L, 2023/2225,  30.10.2023, ELI: http://data.europa.eu/eli/dir/2023/2225/oj"
"		 (BG, ES, CS, DA, DE, ET, EL, EN, FR, GA, HR, IT, LV, LT, HU, MT, NL, PL, PT, RO, SK, SL, FI, SV)"","
"Regulation (EU) 2023/2419 of the European Parliament and of the Council of 18 October 2023 on the labelling of organic pet food,""PE/33/2023/REV/1"",""32023R2419"","""","""","""","""","""",,"""","""",""2023-10-18"",""European Parliament, Council of the European Union"",""true"","""",""OJ L, 2023/2419,  27.10.2023, ELI: http://data.europa.eu/eli/reg/2023/2419/oj"
"		 (BG, ES, CS, DA, DE, ET, EL, EN, FR, GA, HR, IT, LV, LT, HU, MT, NL, PL, PT, RO, SK, SL, FI, SV)"","
"Regulation (EU) 2023/2411 of the European Parliament and of the Council of 18 October 2023 on the protection of geographical indications for craft and industrial products and amending Regulations (EU) 2017/1001 and (EU) 2019/1753,""PE/31/2023/REV/1"",""32023R2411"","""","""","""","""","""",,"""","""",""2023-10-18"",""Council of the European Union, European Parliament"",""true"","""",""OJ L, 2023/2411,  27.10.2023, ELI: http://data.europa.eu/eli/reg/2023/2411/oj"
"		 (BG, ES, CS, DA, DE, ET, EL, EN, FR, GA, HR, IT, LV, LT, HU, MT, NL, PL, PT, RO, SK, SL, FI, SV)"","
"Regulation (EU) 2023/2418 of the European Parliament and of the Council of 18 October 2023 on establishing an instrument for the reinforcement of the European defence industry through common procurement (EDIRPA),""PE/40/2023/REV/1"",""32023R2418"","""","""","""","""","""",,"""","""",""2023-10-18"",""Council of the European Union, European Parliament"",""true"","""",""OJ L, 2023/2418,  26.10.2023, ELI: http://data.europa.eu/eli/reg/2023/2418/oj"
"		 (BG, ES, CS, DA, DE, ET, EL, EN, FR, GA, HR, IT, LV, LT, HU, MT, NL, PL, PT, RO, SK, SL, FI, SV)"","
"Regulation (EU) 2023/2124 of the European Parliament and of the Council of 4 October 2023 on certain provisions for fishing in the General Fisheries Commission for the Mediterranean (GFCM) Agreement area (recast),""PE/24/2023/REV/1"",""32023R2124"","""","""","""","""","""",,"""","""",""2023-10-04"",""European Parliament, Council of the European Union"",""true"","""",""OJ L, 2023/2124,  12.10.2023, ELI: http://data.europa.eu/eli/reg/2023/2124/oj"
"		 (BG, ES, CS, DA, DE, ET, EL, EN, FR, GA, HR, IT, LV, LT, HU, MT, NL, PL, PT, RO, SK, SL, FI, SV)"","
"Regulation (EU) 2023/2053 of the European Parliament and of the Council of 13 September 2023 establishing a multiannual management plan for bluefin tuna in the eastern Atlantic and the Mediterranean, amending Regulations (EC) No 1936/2001, (EU) 2017/2107, and (EU) 2019/833 and repealing Regulation (EU) 2016/1627,""PE/52/2023/INIT"",""32023R2053"","""","""","""","""","""",,"""","""",""2023-09-13"",""European Parliament, Council of the European Union"",""true"",""64"",""OJ L 238, 27/09/2023, p. 1–64"
"		 (BG, ES, CS, DA, DE, ET, EL, EN, FR, GA, HR, IT, LV, LT, HU, MT, NL, PL, PT, RO, SK, SL, FI, SV)"","
"Regulation (EU) 2023/1804 of the European Parliament and of the Council of 13 September 2023 on the deployment of alternative fuels infrastructure, and repealing Directive 2014/94/EU (Text with EEA relevance),""PE/25/2023/INIT"",""32023R1804"","""","""","""","""","""",,"""","""",""2023-09-13"",""Council of the European Union, European Parliament"",""true"",""47"",""OJ L 234, 22/09/2023, p. 1–47"
"		 (BG, ES, CS, DA, DE, ET, EL, EN, FR, GA, HR, IT, LV, LT, HU, MT, NL, PL, PT, RO, SK, SL, FI, SV)"","
"Regulation (EU) 2023/1805 of the European Parliament and of the Council of 13 September 2023 on the use of renewable and low-carbon fuels in maritime transport, and amending Directive 2009/16/EC (Text with EEA relevance),""PE/26/2023/INIT"",""32023R1805"","""","""","""","""","""",,"""","""",""2023-09-13"",""Council of the European Union, European Parliament"",""true"",""53"",""OJ L 234, 22/09/2023, p. 48–100"
"		 (BG, ES, CS, DA, DE, ET, EL, EN, FR, GA, HR, IT, LV, LT, HU, MT, NL, PL, PT, RO, SK, SL, FI, SV)"","
"Directive (EU) 2023/1791 of the European Parliament and of the Council of 13 September 2023 on energy efficiency and amending Regulation (EU) 2023/955 (recast) (Text with EEA relevance),""PE/15/2023/INIT"",""32023L1791"","""","""","""","""","""",,"""","""",""2023-09-13"",""European Parliament, Council of the European Union"",""true"",""111"",""OJ L 231, 20/09/2023, p. 1–111"
"		 (BG, ES, CS, DA, DE, ET, EL, EN, FR, GA, HR, IT, LV, LT, HU, MT, NL, PL, PT, RO, SK, SL, FI, SV)"","
"Regulation (EU) 2023/1781 of the European Parliament and of the Council of 13 September 2023 establishing a framework of measures for strengthening Europe’s semiconductor ecosystem and amending Regulation (EU) 2021/694 (Chips Act) (Text with EEA relevance),""PE/28/2023/INIT"",""32023R1781"","""","""","""","""","""",,"""","""",""2023-09-13"",""Council of the European Union, European Parliament"",""true"",""53"",""OJ L 229, 18/09/2023, p. 1–53"
"		 (BG, ES, CS, DA, DE, ET, EL, EN, FR, GA, HR, IT, LV, LT, HU, MT, NL, PL, PT, RO, SK, SL, FI, SV)"","
"Regulation (EU) 2023/1542 of the European Parliament and of the Council of 12 July 2023 concerning batteries and waste batteries, amending Directive 2008/98/EC and Regulation (EU) 2019/1020 and repealing Directive 2006/66/EC (Text with EEA relevance),""PE/2/2023/REV/1"",""32023R1542"","""","""","""","""","""",,"""","""",""2023-07-12"",""European Parliament, Council of the European Union"",""true"",""117"",""OJ L 191, 28/07/2023, p. 1–117"
"		 (BG, ES, CS, DA, DE, ET, EL, EN, FR, GA, HR, IT, LV, LT, HU, MT, NL, PL, PT, RO, SK, SL, FI, SV)"","
"Directive (EU) 2023/1544 of the European Parliament and of the Council of 12 July 2023 laying down harmonised rules on the designation of designated establishments and the appointment of legal representatives for the purpose of gathering electronic evidence in criminal proceedings,""PE/3/2023/REV/1"",""32023L1544"","""","""","""","""","""",,"""","""",""2023-07-12"",""European Parliament, Council of the European Union"",""true"",""10"",""OJ L 191, 28/07/2023, p. 181–190"
"		 (BG, ES, CS, DA, DE, ET, EL, EN, FR, GA, HR, IT, LV, LT, HU, MT, NL, PL, PT, RO, SK, SL, FI, SV)"","
"Regulation (EU) 2023/1543 of the European Parliament and of the Council of 12 July 2023 on European Production Orders and European Preservation Orders for electronic evidence in criminal proceedings and for the execution of custodial sentences following criminal proceedings,""PE/4/2023/REV/1"",""32023R1543"","""","""","""","""","""",,"""","""",""2023-07-12"",""European Parliament, Council of the European Union"",""true"",""63"",""OJ L 191, 28/07/2023, p. 118–180"
"		 (BG, ES, CS, DA, DE, ET, EL, EN, FR, GA, HR, IT, LV, LT, HU, MT, NL, PL, PT, RO, SK, SL, FI, SV)"","
"Regulation (EU) 2023/1525 of the European Parliament and of the Council of 20 July 2023 on supporting ammunition production (ASAP),""PE/46/2023/REV/1"",""32023R1525"","""","""","""","""","""",,"""","""",""2023-07-20"",""Council of the European Union, European Parliament"",""true"",""19"",""OJ L 185, 24/07/2023, p. 7–25"
"		 (BG, ES, CS, DA, DE, ET, EL, EN, FR, GA, HR, IT, LV, LT, HU, MT, NL, PL, PT, RO, SK, SL, FI, SV)"","
"Regulation (EU) 2023/1524 of the European Parliament and of the Council of 20 July 2023 on temporary trade-liberalisation measures supplementing trade concessions applicable to products from the Republic of Moldova under the Association Agreement between the European Union and the European Atomic Energy Community and their Member States, of the one part, and the Republic of Moldova, of the other part,""PE/32/2023/REV/1"",""32023R1524"","""","""","""","""","""",,"""","""",""2023-07-20"",""Council of the European Union, European Parliament"",""true"",""6"",""OJ L 185, 24/07/2023, p. 1–6"
"		 (BG, ES, CS, DA, DE, ET, EL, EN, FR, GA, HR, IT, LV, LT, HU, MT, NL, PL, PT, RO, SK, SL, FI, SV)"","
"Regulation (EU) 2023/1322 of the European Parliament and of the Council of 27 June 2023 on the European Union Drugs Agency (EUDA) and repealing Regulation (EC) No 1920/2006,""PE/16/2023/INIT"",""32023R1322"","""","""","""","""","""",,"""","""",""2023-06-27"",""Council of the European Union, European Parliament"",""true"",""42"",""OJ L 166, 30/06/2023, p. 6–47"
"		 (BG, ES, CS, DA, DE, ET, EL, EN, FR, GA, HR, IT, LV, LT, HU, MT, NL, PL, PT, RO, SK, SL, FI, SV)"","
"Regulation (EU) 2023/1230 of the European Parliament and of the Council of 14 June 2023 on machinery and repealing Directive 2006/42/EC of the European Parliament and of the Council and Council Directive 73/361/EEC (Text with EEA relevance),""PE/6/2023/REV/1"",""32023R1230"","""","""","""","""",""2023-06-29"",,"""","""",""2023-06-14"",""Council of the European Union, European Parliament"",""true"",""102"",""OJ L 165, 29/06/2023, p. 1–102"
"		 (BG, ES, CS, DA, DE, ET, EL, EN, FR, GA, HR, IT, LV, LT, HU, MT, NL, PL, PT, RO, SK, SL, FI, SV)"","
"Regulation (EU) 2023/1231 of the European Parliament and of the Council of 14 June 2023 on specific rules relating to the entry into Northern Ireland from other parts of the United Kingdom of certain consignments of retail goods, plants for planting, seed potatoes, machinery and certain vehicles operated for agricultural or forestry purposes, as well as non-commercial movements of certain pet animals into Northern Ireland (Text with EEA relevance),""PE/17/2023/REV/1"",""32023R1231"","""","""","""","""","""",,"""","""",""2023-06-14"",""Council of the European Union, European Parliament"",""true"",""37"",""OJ L 165, 29/06/2023, p. 103–139"
"		 (BG, ES, CS, DA, DE, ET, EL, EN, FR, GA, HR, IT, LV, LT, HU, MT, NL, PL, PT, RO, SK, SL, FI, SV)"","
"Regulation (EU) 2023/1182 of the European Parliament and of the Council of 14 June 2023 on specific rules relating to medicinal products for human use intended to be placed on the market in Northern Ireland and amending Directive 2001/83/EC (Text with EEA relevance),""PE/20/2023/REV/2"",""32023R1182"","""","""","""","""","""",,"""","""",""2023-06-14"",""Council of the European Union, European Parliament"",""true"",""7"",""OJ L 157, 20/06/2023, p. 1–7"
"		 (BG, ES, CS, DA, DE, ET, EL, EN, FR, GA, HR, IT, LV, LT, HU, MT, NL, PL, PT, RO, SK, SL, FI, SV)"","
"Regulation (EU) 2023/1114 of the European Parliament and of the Council of 31 May 2023 on markets in crypto-assets, and amending Regulations (EU) No 1093/2010 and (EU) No 1095/2010 and Directives 2013/36/EU and (EU) 2019/1937 (Text with EEA relevance),""PE/54/2022/REV/1"",""32023R1114"","""","""","""","""",""2024-01-09"",,"""","""",""2023-05-31"",""European Parliament, Council of the European Union"",""true"",""166"",""OJ L 150, 09/06/2023, p. 40–205"
"		 (BG, ES, CS, DA, DE, ET, EL, EN, FR, GA, HR, IT, LV, LT, HU, MT, NL, PL, PT, RO, SK, SL, FI, SV)"","
"Regulation (EU) 2023/1115 of the European Parliament and of the Council of 31 May 2023 on the making available on the Union market and the export from the Union of certain commodities and products associated with deforestation and forest degradation and repealing Regulation (EU) No 995/2010 (Text with EEA relevance),""PE/82/2022/REV/1"",""32023R1115"","""","""","""","""","""",,"""","""",""2023-05-31"",""European Parliament, Council of the European Union"",""true"",""42"",""OJ L 150, 09/06/2023, p. 206–247"
"		 (BG, ES, CS, DA, DE, ET, EL, EN, FR, GA, HR, IT, LV, LT, HU, MT, NL, PL, PT, RO, SK, SL, FI, SV)"","
"Regulation (EU) 2023/1113 of the European Parliament and of the Council of 31 May 2023 on information accompanying transfers of funds and certain crypto-assets and amending Directive (EU) 2015/849 (Text with EEA relevance),""PE/53/2022/REV/1"",""32023R1113"","""","""","""","""","""",,"""","""",""2023-05-31"",""European Parliament, Council of the European Union"",""true"",""39"",""OJ L 150, 09/06/2023, p. 1–39"
"		 (BG, ES, CS, DA, DE, ET, EL, EN, FR, GA, HR, IT, LV, LT, HU, MT, NL, PL, PT, RO, SK, SL, FI, SV)"","
"Regulation (EU) 2023/1077 of the European Parliament and of the Council of 31 May 2023 on temporary trade-liberalisation measures supplementing trade concessions applicable to Ukrainian products under the Association Agreement between the European Union and the European Atomic Energy Community and their Member States, of the one part, and Ukraine, of the other part,""PE/19/2023/REV/1"",""32023R1077"","""","""","""","""","""",,"""","""",""2023-05-31"",""European Parliament, Council of the European Union"",""true"",""6"",""OJ L 144, 05/06/2023, p. 1–6"
"		 (BG, ES, CS, DA, DE, ET, EL, EN, FR, GA, HR, IT, LV, LT, HU, MT, NL, PL, PT, RO, SK, SL, FI, SV)"","
"Regulation (EU) 2023/988 of the European Parliament and of the Council of 10 May 2023 on general product safety, amending Regulation (EU) No 1025/2012 of the European Parliament and of the Council and Directive (EU) 2020/1828 of the European Parliament and the Council, and repealing Directive 2001/95/EC of the European Parliament and of the Council and Council Directive 87/357/EEC (Text with EEA relevance),""PE/79/2022/REV/1"",""32023R0988"","""","""","""","""","""",,"""","""",""2023-05-10"",""Council of the European Union, European Parliament"",""true"",""51"",""OJ L 135, 23/05/2023, p. 1–51"
"		 (BG, ES, CS, DA, DE, ET, EL, EN, FR, GA, HR, IT, LV, LT, HU, MT, NL, PL, PT, RO, SK, SL, FI, SV)"","
"Directive (EU) 2023/977 of the European Parliament and of the Council of 10 May 2023 on the exchange of information between the law enforcement authorities of Member States and repealing Council Framework Decision 2006/960/JHA,""PE/70/2022/REV/2"",""32023L0977"","""","""","""","""","""",,"""","""",""2023-05-10"",""Council of the European Union, European Parliament"",""true"",""24"",""OJ L 134, 22/05/2023, p. 1–24"
"		 (BG, ES, CS, DA, DE, ET, EL, EN, FR, GA, HR, IT, LV, LT, HU, MT, NL, PL, PT, RO, SK, SL, FI, SV)"","
"Regulation (EU) 2023/969 of the European Parliament and of the Council of 10 May 2023 establishing a collaboration platform to support the functioning of joint investigation teams and amending Regulation (EU) 2018/1726,""PE/73/2022/REV/1"",""32023R0969"","""","""","""","""","""",,"""","""",""2023-05-10"",""European Parliament, Council of the European Union"",""true"",""20"",""OJ L 132, 17/05/2023, p. 1–20"
"		 (BG, ES, CS, DA, DE, ET, EL, EN, FR, GA, HR, IT, LV, LT, HU, MT, NL, PL, PT, RO, SK, SL, FI, SV)"","
"Directive (EU) 2023/970 of the European Parliament and of the Council of 10 May 2023 to strengthen the application of the principle of equal pay for equal work or work of equal value between men and women through pay transparency and enforcement mechanisms (Text with EEA relevance),""PE/81/2022/REV/1"",""32023L0970"","""","""","""","""","""",,"""","""",""2023-05-10"",""European Parliament, Council of the European Union"",""true"",""24"",""OJ L 132, 17/05/2023, p. 21–44"
"		 (BG, ES, CS, DA, DE, ET, EL, EN, FR, GA, HR, IT, LV, LT, HU, MT, NL, PL, PT, RO, SK, SL, FI, SV)"","
"Regulation (EU) 2023/956 of the European Parliament and of the Council of 10 May 2023 establishing a carbon border adjustment mechanism (Text with EEA relevance),""PE/7/2023/REV/1"",""32023R0956"","""","""","""","""","""",,"""","""",""2023-05-10"",""European Parliament, Council of the European Union"",""true"",""53"",""OJ L 130, 16/05/2023, p. 52–104"
"		 (BG, ES, CS, DA, DE, ET, EL, EN, FR, GA, HR, IT, LV, LT, HU, MT, NL, PL, PT, RO, SK, SL, FI, SV)"","
"Regulation (EU) 2023/955 of the European Parliament and of the Council of 10 May 2023 establishing a Social Climate Fund and amending Regulation (EU) 2021/1060,""PE/11/2023/REV/1"",""32023R0955"","""","""","""","""","""",,"""","""",""2023-05-10"",""European Parliament, Council of the European Union"",""true"",""51"",""OJ L 130, 16/05/2023, p. 1–51"
"		 (BG, ES, CS, DA, DE, ET, EL, EN, FR, GA, HR, IT, LV, LT, HU, MT, NL, PL, PT, RO, SK, SL, FI, SV)"","
"Regulation (EU) 2023/675 of the European Parliament and of the Council of 15 March 2023 laying down conservation and management measures for the conservation of southern bluefin tuna,""PE/60/2022/REV/1"",""32023R0675"","""","""","""","""","""",,"""","""",""2023-03-15"",""Council of the European Union, European Parliament"",""true"",""31"",""OJ L 88, 24/03/2023, p. 1–31"
"		 (BG, ES, CS, DA, DE, ET, EL, EN, FR, GA, HR, IT, LV, LT, HU, MT, NL, PL, PT, RO, SK, SL, FI, SV)"","
"Regulation (EU) 2023/657 of the European Parliament and of the Council of 15 March 2023 laying down rules for the exercise of the Union’s rights in the implementation and enforcement of the Agreement on the withdrawal of the United Kingdom of Great Britain and Northern Ireland from the European Union and the European Atomic Energy Community and of the Trade and Cooperation Agreement between the European Union and the European Atomic Energy Community, of the one part, and the United Kingdom of Great Britain and Northern Ireland, of the other part,""PE/77/2022/REV/1"",""32023R0657"","""","""","""","""","""",,"""","""",""2023-03-15"",""Council of the European Union, European Parliament"",""true"",""6"",""OJ L 83, 22/03/2023, p. 1–6"
"		 (BG, ES, CS, DA, DE, ET, EL, EN, FR, GA, HR, IT, LV, LT, HU, MT, NL, PL, PT, RO, SK, SL, FI, SV)"","
"Regulation (EU) 2023/588 of the European Parliament and of the Council of 15 March 2023 establishing the Union Secure Connectivity Programme for the period 2023-2027,""PE/65/2022/REV/1"",""32023R0588"","""","""","""","""","""",,"""","""",""2023-03-15"",""Council of the European Union, European Parliament"",""true"",""39"",""OJ L 79, 17/03/2023, p. 1–39"
"		 (BG, ES, CS, DA, DE, ET, EL, EN, FR, GA, HR, IT, LV, LT, HU, MT, NL, PL, PT, RO, SK, SL, FI, SV)"","
"Regulation (EU) 2022/2554 of the European Parliament and of the Council of 14 December 2022 on digital operational resilience for the financial sector and amending Regulations (EC) No 1060/2009, (EU) No 648/2012, (EU) No 600/2014, (EU) No 909/2014 and (EU) 2016/1011 (Text with EEA relevance),""PE/41/2022/INIT"",""32022R2554"","""","""","""","""","""",,"""","""",""2022-12-14"",""European Parliament, Council of the European Union"",""true"",""79"",""OJ L 333, 27/12/2022, p. 1–79"
"		 (BG, ES, CS, DA, DE, ET, EL, EN, FR, GA, HR, IT, LV, LT, HU, MT, NL, PL, PT, RO, SK, SL, FI, SV)"","
"Directive (EU) 2022/2557 of the European Parliament and of the Council of 14 December 2022 on the resilience of critical entities and repealing Council Directive 2008/114/EC (Text with EEA relevance),""PE/51/2022/REV/1"",""32022L2557"","""","""","""","""","""",,"""","""",""2022-12-14"",""European Parliament, Council of the European Union"",""true"",""35"",""OJ L 333, 27/12/2022, p. 164–198"
"		 (BG, ES, CS, DA, DE, ET, EL, EN, FR, GA, HR, IT, LV, LT, HU, MT, NL, PL, PT, RO, SK, SL, FI, SV)"","
"Directive (EU) 2022/2555 of the European Parliament and of the Council of 14 December 2022 on measures for a high common level of cybersecurity across the Union, amending Regulation (EU) No 910/2014 and Directive (EU) 2018/1972, and repealing Directive (EU) 2016/1148 (NIS 2 Directive) (Text with EEA relevance),""PE/32/2022/REV/2"",""32022L2555"","""","""","""","""",""2022-12-27"",,"""","""",""2022-12-14"",""European Parliament, Council of the European Union"",""true"",""73"",""OJ L 333, 27/12/2022, p. 80–152"
"		 (BG, ES, CS, DA, DE, ET, EL, EN, FR, GA, HR, IT, LV, LT, HU, MT, NL, PL, PT, RO, SK, SL, FI, SV)"","
"Regulation (EU) 2022/2560 of the European Parliament and of the Council of 14 December 2022 on foreign subsidies distorting the internal market,""PE/46/2022/REV/1"",""32022R2560"","""","""","""","""","""",,"""","""",""2022-12-14"",""European Parliament, Council of the European Union"",""true"",""45"",""OJ L 330, 23/12/2022, p. 1–45"
"		 (BG, ES, CS, DA, DE, ET, EL, EN, FR, GA, HR, IT, LV, LT, HU, MT, NL, PL, PT, RO, SK, SL, FI, SV)"","
"Directive (EU) 2022/2561 of the European Parliament and of the Council of 14 December 2022 on the initial qualification and periodic training of drivers of certain road vehicles for the carriage of goods or passengers (codification) (Text with EEA relevance),""PE/1/2022/REV/1"",""32022L2561"","""","""","""","""","""",,"""","""",""2022-12-14"",""European Parliament, Council of the European Union"",""true"",""24"",""OJ L 330, 23/12/2022, p. 46–69"
"		 (BG, ES, CS, DA, DE, ET, EL, EN, FR, GA, HR, IT, LV, LT, HU, MT, NL, PL, PT, RO, SK, SL, FI, SV)"","
"Regulation (EU) 2022/2065 of the European Parliament and of the Council of 19 October 2022 on a Single Market For Digital Services and amending Directive 2000/31/EC (Digital Services Act) (Text with EEA relevance),""PE/30/2022/REV/1"",""32022R2065"","""","""","""","""","""",,"""","""",""2022-10-19"",""European Parliament, Council of the European Union"",""true"",""102"",""OJ L 277, 27/10/2022, p. 1–102"
"		 (BG, ES, CS, DA, DE, ET, EL, EN, FR, GA, HR, IT, LV, LT, HU, MT, NL, PL, PT, RO, SK, SL, FI, SV)"","
"Directive (EU) 2022/1999 of the European Parliament and of the Council of 19 October 2022 on uniform procedures for checks on the transport of dangerous goods by road (codification) (Text with EEA relevance),""PE/22/2022/REV/1"",""32022L1999"","""","""","""","""","""",,"""","""",""2022-10-19"",""European Parliament, Council of the European Union"",""true"",""13"",""OJ L 274, 24/10/2022, p. 1–13"
"		 (BG, ES, CS, DA, DE, ET, EL, EN, FR, GA, HR, IT, LV, LT, HU, MT, NL, PL, PT, RO, SK, SL, FI, SV)"","
"Regulation (EU) 2022/1925 of the European Parliament and of the Council of 14 September 2022 on contestable and fair markets in the digital sector and amending Directives (EU) 2019/1937 and (EU) 2020/1828 (Digital Markets Act) (Text with EEA relevance),""PE/17/2022/REV/1"",""32022R1925"","""","""","""","""","""",,"""","""",""2022-09-14"",""Council of the European Union, European Parliament"",""true"",""66"",""OJ L 265, 12/10/2022, p. 1–66"
"		 (BG, ES, CS, DA, DE, ET, EL, EN, FR, GA, HR, IT, LV, LT, HU, MT, NL, PL, PT, RO, SK, SL, FI, SV)"","
"Regulation (EU) 2022/1031 of the European Parliament and of the Council of 23 June 2022 on the access of third-country economic operators, goods and services to the Union’s public procurement and concession markets and procedures supporting negotiations on access of Union economic operators, goods and services to the public procurement and concession markets of third countries (International Procurement Instrument – IPI) (Text with EEA relevance),""PE/15/2022/REV/1"",""32022R1031"","""","""","""","""","""",,"""","""",""2022-06-23"",""European Parliament, Council of the European Union"",""true"",""16"",""OJ L 173, 30/06/2022, p. 1–16"
"		 (BG, ES, CS, DA, DE, ET, EL, EN, FR, GA, HR, IT, LV, LT, HU, MT, NL, PL, PT, RO, SK, SL, FI, SV)"","
"Regulation (EU) 2022/868 of the European Parliament and of the Council of 30 May 2022 on European data governance and amending Regulation (EU) 2018/1724 (Data Governance Act) (Text with EEA relevance),""PE/85/2021/REV/1"",""32022R0868"","""","""","""","""","""",,"""","""",""2022-05-30"",""Council of the European Union, European Parliament"",""true"",""44"",""OJ L 152, 03/06/2022, p. 1–44"
"		 (BG, ES, CS, DA, DE, ET, EL, EN, FR, GA, HR, IT, LV, LT, HU, MT, NL, PL, PT, RO, SK, SL, FI, SV)"","
"Regulation (EU) 2022/869 of the European Parliament and of the Council of 30 May 2022 on guidelines for trans-European energy infrastructure, amending Regulations (EC) No 715/2009, (EU) 2019/942 and (EU) 2019/943 and Directives 2009/73/EC and (EU) 2019/944, and repealing Regulation (EU) No 347/2013,""PE/2/2022/REV/1"",""32022R0869"","""","""","""","""","""",,"""","""",""2022-05-30"",""Council of the European Union, European Parliament"",""true"",""58"",""OJ L 152, 03/06/2022, p. 45–102"
"		 (BG, ES, CS, DA, DE, ET, EL, EN, FR, GA, HR, IT, LV, LT, HU, MT, NL, PL, PT, RO, SK, SL, FI, SV)"","
"Regulation (EU) 2022/858 of the European Parliament and of the Council of 30 May 2022 on a pilot regime for market infrastructures based on distributed ledger technology, and amending Regulations (EU) No 600/2014 and (EU) No 909/2014 and Directive 2014/65/EU (Text with EEA relevance),""PE/88/2021/REV/2"",""32022R0858"","""","""","""","""","""",,"""","""",""2022-05-30"",""European Parliament, Council of the European Union"",""true"",""33"",""OJ L 151, 02/06/2022, p. 1–33"
"		 (BG, ES, CS, DA, DE, ET, EL, EN, FR, GA, HR, IT, LV, LT, HU, MT, NL, PL, PT, RO, SK, SL, FI, SV)"","
"Regulation (EU) 2022/850 of the European Parliament and of the Council of 30 May 2022 on a computerised system for the cross-border electronic exchange of data in the area of judicial cooperation in civil and criminal matters (e-CODEX system), and amending Regulation (EU) 2018/1726 (Text with EEA relevance),""PE/87/2021/REV/1"",""32022R0850"","""","""","""","""","""",,"""","""",""2022-05-30"",""Council of the European Union, European Parliament"",""true"",""19"",""OJ L 150, 01/06/2022, p. 1–19"
"		 (BG, ES, CS, DA, DE, ET, EL, EN, FR, GA, HR, IT, LV, LT, HU, MT, NL, PL, PT, RO, SK, SL, FI, SV)"","
"Regulation (EU) 2022/612 of the European Parliament and of the Council of 6 April 2022 on roaming on public mobile communications networks within the Union (recast) (Text with EEA relevance),""PE/86/2021/REV/1"",""32022R0612"","""","""","""","""","""",,"""","""",""2022-04-06"",""Council of the European Union, European Parliament"",""true"",""37"",""OJ L 115, 13/04/2022, p. 1–37"
"		 (BG, ES, CS, DA, DE, ET, EL, EN, FR, GA, HR, IT, LV, LT, HU, MT, NL, PL, PT, RO, SK, SL, FI, SV)"","
"Regulation (EU) 2022/123 of the European Parliament and of the Council of 25 January 2022 on a reinforced role for the European Medicines Agency in crisis preparedness and management for medicinal products and medical devices (Text with EEA relevance),""PE/76/2021/REV/1"",""32022R0123"","""","""","""","""",""2022-01-31"",,"""","""",""2022-01-25"",""European Parliament, Council of the European Union"",""true"",""37"",""OJ L 20, 31/01/2022, p. 1–37"
"		 (BG, ES, CS, DA, DE, ET, EL, EN, FR, GA, HR, IT, LV, LT, HU, MT, NL, PL, PT, RO, SK, SL, FI, SV)"","
"Regulation (EU) 2021/2303 of the European Parliament and of the Council of 15 December 2021 on the European Union Agency for Asylum and repealing Regulation (EU) No 439/2010,""PE/61/2021/REV/1"",""32021R2303"","""","""","""","""","""",,"""","""",""2021-12-15"",""Council of the European Union, European Parliament"",""true"",""54"",""OJ L 468, 30/12/2021, p. 1–54"
"		 (BG, ES, CS, DA, DE, ET, EL, EN, FR, GA, HR, IT, LV, LT, HU, MT, NL, PL, PT, RO, SK, SL, FI, SV)"","
"Directive (EU) 2021/2167 of the European Parliament and of the Council of 24 November 2021 on credit servicers and credit purchasers and amending Directives 2008/48/EC and 2014/17/EU (Text with EEA relevance),""PE/54/2021/REV/2"",""32021L2167"","""","""","""","""","""",,"""","""",""2021-11-24"",""European Parliament, Council of the European Union"",""true"",""37"",""OJ L 438, 08/12/2021, p. 1–37"
"		 (BG, ES, CS, DA, DE, ET, EL, EN, FR, GA, HR, IT, LV, LT, HU, MT, NL, PL, PT, RO, SK, SL, FI, SV)"","
"Regulation (EU) 2021/2115 of the European Parliament and of the Council of 2 December 2021 establishing rules on support for strategic plans to be drawn up by Member States under the common agricultural policy (CAP Strategic Plans) and financed by the European Agricultural Guarantee Fund (EAGF) and by the European Agricultural Fund for Rural Development (EAFRD) and repealing Regulations (EU) No 1305/2013 and (EU) No 1307/2013,""PE/64/2021/REV/1"",""32021R2115"","""","""","""","""",""2023-01-01"",,"""","""",""2021-12-02"",""Council of the European Union, European Parliament"",""true"",""186"",""OJ L 435, 06/12/2021, p. 1–186"
"		 (BG, ES, CS, DA, DE, ET, EL, EN, FR, GA, HR, IT, LV, LT, HU, MT, NL, PL, PT, RO, SK, SL, FI, SV)"","
"Regulation (EU) 2021/2116 of the European Parliament and of the Council of 2 December 2021 on the financing, management and monitoring of the common agricultural policy and repealing Regulation (EU) No 1306/2013,""PE/65/2021/INIT"",""32021R2116"","""","""","""","""",""2022-08-26"",,"""","""",""2021-12-02"",""Council of the European Union, European Parliament"",""true"",""75"",""OJ L 435, 06/12/2021, p. 187–261"
"		 (BG, ES, CS, DA, DE, ET, EL, EN, FR, GA, HR, IT, LV, LT, HU, MT, NL, PL, PT, RO, SK, SL, FI, SV)"","
"Directive (EU) 2021/1883 of the European Parliament and of the Council of 20 October 2021 on the conditions of entry and residence of third-country nationals for the purpose of highly qualified employment, and repealing Council Directive 2009/50/EC,""PE/40/2021/REV/1"",""32021L1883"","""","""","""","""","""",,"""","""",""2021-10-20"",""European Parliament, Council of the European Union"",""true"",""38"",""OJ L 382, 28/10/2021, p. 1–38"
"		 (BG, ES, CS, DA, DE, ET, EL, EN, FR, GA, HR, IT, LV, LT, HU, MT, NL, PL, PT, RO, SK, SL, FI, SV)"","
"Regulation (EU) 2021/1755 of the European Parliament and of the Council of 6 October 2021 establishing the Brexit Adjustment Reserve,""PE/59/2021/REV/1"",""32021R1755"","""","""","""","""",""2023-03-01"",,"""","""",""2021-10-06"",""European Parliament, Council of the European Union"",""true"",""26"",""OJ L 357, 08/10/2021, p. 1–26"
"		 (BG, ES, CS, DA, DE, ET, EL, EN, FR, GA, HR, IT, LV, LT, HU, MT, NL, PL, PT, RO, SK, SL, FI, SV)"","
"Regulation (EU) 2021/1232 of the European Parliament and of the Council of 14 July 2021 on a temporary derogation from certain provisions of Directive 2002/58/EC as regards the use of technologies by providers of number-independent interpersonal communications services for the processing of personal and other data for the purpose of combating online child sexual abuse (Text with EEA relevance),""PE/38/2021/REV/1"",""32021R1232"","""","""","""","""","""",,"""","""",""2021-07-14"",""Council of the European Union, European Parliament"",""true"",""11"",""OJ L 274, 30/07/2021, p. 41–51"
"		 (BG, ES, CS, DA, DE, ET, EL, EN, FR, GA, HR, IT, LV, LT, HU, MT, NL, PL, PT, RO, SK, SL, FI, SV)"","
"Directive (EU) 2021/1187 of the European Parliament and of the Council of 7 July 2021 on streamlining measures for advancing the realisation of the trans-European transport network (TEN-T),""PE/51/2021/INIT"",""32021L1187"","""","""","""","""","""",,"""","""",""2021-07-07"",""European Parliament, Council of the European Union"",""true"",""13"",""OJ L 258, 20/07/2021, p. 1–13"
"		 (BG, ES, CS, DA, DE, ET, EL, EN, FR, GA, HR, IT, LV, LT, HU, MT, NL, PL, PT, RO, SK, SL, FI, SV)"","
"Regulation (EU) 2021/1148 of the European Parliament and of the Council of 7 July 2021 establishing, as part of the Integrated Border Management Fund, the Instrument for Financial Support for Border Management and Visa Policy,""PE/57/2021/INIT"",""32021R1148"","""","""","""","""","""",,"""","""",""2021-07-07"",""Council of the European Union, European Parliament"",""true"",""46"",""OJ L 251, 15/07/2021, p. 48–93"
"		 (BG, ES, CS, DA, DE, ET, EL, EN, FR, GA, HR, IT, LV, LT, HU, MT, NL, PL, PT, RO, SK, SL, FI, SV)"","
"Regulation (EU) 2021/1149 of the European Parliament and of the Council of 7 July 2021 establishing the Internal Security Fund,""PE/58/2021/INIT"",""32021R1149"","""","""","""","""","""",,"""","""",""2021-07-07"",""Council of the European Union, European Parliament"",""true"",""38"",""OJ L 251, 15/07/2021, p. 94–131"
"		 (BG, ES, CS, DA, DE, ET, EL, EN, FR, GA, HR, IT, LV, LT, HU, MT, NL, PL, PT, RO, SK, SL, FI, SV)"","
"Regulation (EU) 2021/1147 of the European Parliament and of the Council of 7 July 2021 establishing the Asylum, Migration and Integration Fund,""PE/56/2021/INIT"",""32021R1147"","""","""","""","""",""2022-04-12"",,"""","""",""2021-07-07"",""Council of the European Union, European Parliament"",""true"",""47"",""OJ L 251, 15/07/2021, p. 1–47"
"		 (BG, ES, CS, DA, DE, ET, EL, EN, FR, GA, HR, IT, LV, LT, HU, MT, NL, PL, PT, RO, SK, SL, FI, SV)"","
"Regulation (EU) 2021/1119 of the European Parliament and of the Council of 30 June 2021 establishing the framework for achieving climate neutrality and amending Regulations (EC) No 401/2009 and (EU) 2018/1999 (‘European Climate Law’),""PE/27/2021/REV/1"",""32021R1119"","""","""","""","""","""",,"""","""",""2021-06-30"",""Council of the European Union, European Parliament"",""true"",""17"",""OJ L 243, 09/07/2021, p. 1–17"
"		 (BG, ES, CS, DA, DE, ET, EL, EN, FR, GA, HR, IT, LV, LT, HU, MT, NL, PL, PT, RO, SK, SL, FI, SV)"","
"Regulation (EU) 2021/1060 of the European Parliament and of the Council of 24 June 2021 laying down common provisions on the European Regional Development Fund, the European Social Fund Plus, the Cohesion Fund, the Just Transition Fund and the European Maritime, Fisheries and Aquaculture Fund and financial rules for those and for the Asylum, Migration and Integration Fund, the Internal Security Fund and the Instrument for Financial Support for Border Management and Visa Policy,""PE/47/2021/INIT"",""32021R1060"","""","""","""","""",""2023-03-01"",,"""","""",""2021-06-24"",""European Parliament, Council of the European Union"",""true"",""548"",""OJ L 231, 30/06/2021, p. 159–706"
"		 (BG, ES, CS, DA, DE, ET, EL, EN, FR, GA, HR, IT, LV, LT, HU, MT, NL, PL, PT, RO, SK, SL, FI, SV)"","
"Regulation (EU) 2021/784 of the European Parliament and of the Council of 29 April 2021 on addressing the dissemination of terrorist content online (Text with EEA relevance),""PE/19/2021/INIT"",""32021R0784"","""","""","""","""","""",,"""","""",""2021-04-29"",""European Parliament, Council of the European Union"",""true"",""31"",""OJ L 172, 17/05/2021, p. 79–109"
"		 (BG, ES, CS, DA, DE, ET, EL, EN, FR, GA, HR, IT, LV, LT, HU, MT, NL, PL, PT, RO, SK, SL, FI, SV)"","
"Regulation (EU) 2021/782 of the European Parliament and of the Council of 29 April 2021 on rail passengers’ rights and obligations (recast) (Text with EEA relevance),""PE/10/2021/INIT"",""32021R0782"","""","""","""","""","""",,"""","""",""2021-04-29"",""European Parliament, Council of the European Union"",""true"",""52"",""OJ L 172, 17/05/2021, p. 1–52"
"		 (BG, ES, CS, DA, DE, ET, EL, EN, FR, GA, HR, IT, LV, LT, HU, MT, NL, PL, PT, RO, SK, SL, FI, SV)"","
"Regulation (EU) 2021/695 of the European Parliament and of the Council of 28 April 2021 establishing Horizon Europe – the Framework Programme for Research and Innovation, laying down its rules for participation and dissemination, and repealing Regulations (EU) No 1290/2013 and (EU) No 1291/2013 (Text with EEA relevance),""PE/12/2021/INIT"",""32021R0695"","""","""","""","""","""",,"""","""",""2021-04-28"",""Council of the European Union, European Parliament"",""true"",""68"",""OJ L 170, 12/05/2021, p. 1–68"
"		 (BG, ES, CS, DA, DE, ET, EL, EN, FR, GA, HR, IT, LV, LT, HU, MT, NL, PL, PT, RO, SK, SL, FI, SV)"","
"Regulation (EU) 2021/241 of the European Parliament and of the Council of 12 February 2021 establishing the Recovery and Resilience Facility,"""",""32021R0241"","""","""","""","""",""2023-03-01"",,"""","""",""2021-02-12"",""Council of the European Union, European Parliament"",""true"",""59"",""OJ L 57, 18/02/2021, p. 17–75"
"		 (BG, ES, CS, DA, DE, ET, EL, EN, FR, GA, HR, IT, LV, LT, HU, MT, NL, PL, PT, RO, SK, SL, FI, SV)"","
"Regulation (EU) 2021/23 of the European Parliament and of the Council of 16 December 2020 on a framework for the recovery and resolution of central counterparties and amending Regulations (EU) No 1095/2010, (EU) No 648/2012, (EU) No 600/2014, (EU) No 806/2014 and (EU) 2015/2365 and Directives 2002/47/EC, 2004/25/EC, 2007/36/EC, 2014/59/EU and (EU) 2017/1132 (Text with EEA relevance),"""",""32021R0023"","""","""","""","""","""",,"""","""",""2020-12-16"",""Council of the European Union, European Parliament"",""true"",""102"",""OJ L 22, 22/01/2021, p. 1–102"
"		 (BG, ES, CS, DA, DE, ET, EL, EN, FR, GA, HR, IT, LV, LT, HU, MT, NL, PL, PT, RO, SK, SL, FI, SV)"","
"Directive (EU) 2020/2184 of the European Parliament and of the Council of 16 December 2020 on the quality of water intended for human consumption (recast) (Text with EEA relevance),"""",""32020L2184"","""","""","""","""","""",,"""","""",""2020-12-16"",""Council of the European Union, European Parliament"",""true"",""62"",""OJ L 435, 23/12/2020, p. 1–62"
"		 (BG, ES, CS, DA, DE, ET, EL, EN, FR, GA, HR, IT, LV, LT, HU, MT, NL, PL, PT, RO, SK, SL, FI, SV)"","
"Directive (EU) 2020/1828 of the European Parliament and of the Council of 25 November 2020 on representative actions for the protection of the collective interests of consumers and repealing Directive 2009/22/EC (Text with EEA relevance),"""",""32020L1828"","""","""","""","""",""2023-05-02"",,"""","""",""2020-11-25"",""Council of the European Union, European Parliament"",""true"",""27"",""OJ L 409, 04/12/2020, p. 1–27"
"		 (BG, ES, CS, DA, DE, ET, EL, EN, FR, GA, HR, IT, LV, LT, HU, MT, NL, PL, PT, RO, SK, SL, FI, SV)"","
"Regulation (EU) 2020/1784 of the European Parliament and of the Council of 25 November 2020 on the service in the Member States of judicial and extrajudicial documents in civil or commercial matters (service of documents) (recast),"""",""32020R1784"","""","""","""","""",""2020-12-02"",,"""","""",""2020-11-25"",""European Parliament, Council of the European Union"",""true"",""39"",""OJ L 405, 02/12/2020, p. 40–78"
"		 (BG, ES, CS, DA, DE, ET, EL, EN, FR, GA, HR, IT, LV, LT, HU, MT, NL, PL, PT, RO, SK, SL, FI, SV)"","
"Regulation (EU) 2020/1783 of the European Parliament and of the Council of 25 November 2020 on cooperation between the courts of the Member States in the taking of evidence in civil or commercial matters (taking of evidence) (recast),"""",""32020R1783"","""","""","""","""",""2020-12-02"",,"""","""",""2020-11-25"",""European Parliament, Council of the European Union"",""true"",""39"",""OJ L 405, 02/12/2020, p. 1–39"
"		 (BG, ES, CS, DA, DE, ET, EL, EN, FR, GA, HR, IT, LV, LT, HU, MT, NL, PL, PT, RO, SK, SL, FI, SV)"","
"Regulation (EU) 2020/1503 of the European Parliament and of the Council of 7 October 2020 on European crowdfunding service providers for business, and amending Regulation (EU) 2017/1129 and Directive (EU) 2019/1937 (Text with EEA relevance),""PE/37/2020/INIT"",""32020R1503"","""","""","""","""","""",,"""","""",""2020-10-07"",""Council of the European Union, European Parliament"",""true"",""49"",""OJ L 347, 20/10/2020, p. 1–49"
"		 (BG, ES, CS, DA, DE, ET, EL, EN, FR, GA, HR, IT, LV, LT, HU, MT, NL, PL, PT, RO, SK, SL, FI, SV)"","
"Regulation (EU) 2020/1429 of the European Parliament and of the Council of 7 October 2020 establishing measures for a sustainable rail market in view of the COVID-19 outbreak (Text with EEA relevance),"""",""32020R1429"","""","""","""","""",""2022-07-01"",,"""","""",""2020-10-07"",""European Parliament, Council of the European Union"",""true"",""5"",""OJ L 333, 12/10/2020, p. 1–5"
"		 (BG, ES, CS, DA, DE, ET, EL, EN, FR, GA, HR, IT, LV, LT, HU, MT, NL, PL, PT, RO, SK, SL, FI, SV)"","
"Regulation (EU) 2020/1056 of the European Parliament and of the Council of 15 July 2020 on electronic freight transport information (Text with EEA relevance),""PE/27/2020/INIT"",""32020R1056"","""","""","""","""","""",,"""","""",""2020-07-15"",""European Parliament, Council of the European Union"",""true"",""16"",""OJ L 249, 31/07/2020, p. 33–48"
"		 (BG, ES, CS, DA, DE, ET, EL, EN, FR, GA, HR, IT, LV, LT, HU, MT, NL, PL, PT, RO, SK, SL, FI, SV)"","
"Regulation (EU) 2020/852 of the European Parliament and of the Council of 18 June 2020 on the establishment of a framework to facilitate sustainable investment, and amending Regulation (EU) 2019/2088 (Text with EEA relevance),""PE/20/2020/INIT"",""32020R0852"","""","""","""","""","""",,"""","""",""2020-06-18"",""Council of the European Union, European Parliament"",""true"",""31"",""OJ L 198, 22/06/2020, p. 13–43"
"		 (BG, ES, CS, DA, DE, ET, EL, EN, FR, GA, HR, IT, LV, LT, HU, MT, NL, PL, PT, RO, SK, SL, FI, SV)"","
"Regulation (EU) 2020/741 of the European Parliament and of the Council of 25 May 2020 on minimum requirements for water reuse (Text with EEA relevance),""PE/12/2020/INIT"",""32020R0741"","""","""","""","""","""",,"""","""",""2020-05-25"",""Council of the European Union, European Parliament"",""true"",""24"",""OJ L 177, 05/06/2020, p. 32–55"
"		 (BG, ES, CS, DA, DE, ET, EL, EN, FR, GA, HR, IT, LV, LT, HU, MT, NL, PL, PT, RO, SK, SL, FI, SV)"","
"Regulation (EU) 2019/2144 of the European Parliament and of the Council of 27 November 2019 on type-approval requirements for motor vehicles and their trailers, and systems, components and separate technical units intended for such vehicles, as regards their general safety and the protection of vehicle occupants and vulnerable road users, amending Regulation (EU) 2018/858 of the European Parliament and of the Council and repealing Regulations (EC) No 78/2009, (EC) No 79/2009 and (EC) No 661/2009 of the European Parliament and of the Council and Commission Regulations (EC) No 631/2009, (EU) No 406/2010, (EU) No 672/2010, (EU) No 1003/2010, (EU) No 1005/2010, (EU) No 1008/2010, (EU) No 1009/2010, (EU) No 19/2011, (EU) No 109/2011, (EU) No 458/2011, (EU) No 65/2012, (EU) No 130/2012, (EU) No 347/2012, (EU) No 351/2012, (EU) No 1230/2012 and (EU) 2015/166 (Text with EEA relevance),""PE/82/2019/REV/1"",""32019R2144"","""","""","""","""",""2022-09-05"",,"""","""",""2019-11-27"",""Council of the European Union, European Parliament"",""true"",""40"",""OJ L 325, 16/12/2019, p. 1–40"
"		 (BG, ES, CS, DA, DE, ET, EL, EN, FR, GA, HR, IT, LV, LT, HU, MT, NL, PL, PT, RO, SK, SL, FI, SV)"","
"Regulation (EU) 2019/2088 of the European Parliament and of the Council of 27 November 2019 on sustainability‐related disclosures in the financial services sector (Text with EEA relevance),""PE/87/2019/REV/1"",""32019R2088"","""","""","""","""",""2024-01-09"",,"""","""",""2019-11-27"",""European Parliament, Council of the European Union"",""true"",""16"",""OJ L 317, 09/12/2019, p. 1–16"
"		 (BG, ES, CS, DA, DE, ET, EL, EN, FR, GA, HR, IT, LV, LT, HU, MT, NL, PL, PT, RO, SK, SL, FI, SV)"","
"Directive (EU) 2019/1937 of the European Parliament and of the Council of 23 October 2019 on the protection of persons who report breaches of Union law,""PE/78/2019/REV/1"",""32019L1937"","""","""","""","""",""2023-05-02"",,"""","""",""2019-10-23"",""European Parliament, Council of the European Union"",""true"",""40"",""OJ L 305, 26/11/2019, p. 17–56"
"		 (BG, ES, CS, DA, DE, ET, EL, EN, FR, GA, HR, IT, LV, LT, HU, MT, NL, PL, PT, RO, SK, SL, FI, SV)"","
"Regulation (EU) 2019/1896 of the European Parliament and of the Council of 13 November 2019 on the European Border and Coast Guard and repealing Regulations (EU) No 1052/2013 and (EU) 2016/1624,""PE/33/2019/REV/1"",""32019R1896"","""","""","""","""",""2023-12-31"",,"""","""",""2019-11-13"",""European Parliament, Council of the European Union"",""true"",""131"",""OJ L 295, 14/11/2019, p. 1–131"
"		 (BG, ES, CS, DA, DE, ET, EL, EN, FR, GA, HR, IT, LV, LT, HU, MT, NL, PL, PT, RO, SK, SL, FI, SV)"","
"Regulation (EU) 2019/1242 of the European Parliament and of the Council of 20 June 2019 setting CO2 emission performance standards for new heavy-duty vehicles and amending Regulations (EC) No 595/2009 and (EU) 2018/956 of the European Parliament and of the Council and Council Directive 96/53/EC,""PE/60/2019/REV/1"",""32019R1242"","""","""","""","""",""2019-07-25"",,"""","""",""2019-06-20"",""European Parliament, Council of the European Union"",""true"",""39"",""OJ L 198, 25/07/2019, p. 202–240"
"		 (BG, ES, CS, DA, DE, ET, EL, EN, FR, GA, HR, IT, LV, LT, HU, MT, NL, PL, PT, RO, SK, SL, FI, SV)"","
"Regulation (EU) 2019/1157 of the European Parliament and of the Council of 20 June 2019 on strengthening the security of identity cards of Union citizens and of residence documents issued to Union citizens and their family members exercising their right of free movement (Text with EEA relevance.),""PE/70/2019/REV/1"",""32019R1157"","""","""","""","""","""",,"""","""",""2019-06-20"",""Council of the European Union, European Parliament"",""true"",""12"",""OJ L 188, 12/07/2019, p. 67–78"
"		 (BG, ES, CS, DA, DE, ET, EL, EN, FR, GA, HR, IT, LV, LT, HU, MT, NL, PL, PT, RO, SK, SL, FI, SV)"","
"Regulation (EU) 2019/1020 of the European Parliament and of the Council of 20 June 2019 on market surveillance and compliance of products and amending Directive 2004/42/EC and Regulations (EC) No 765/2008 and (EU) No 305/2011 (Text with EEA relevance.),""PE/45/2019/REV/1"",""32019R1020"","""","""","""","""","""",,"""","""",""2019-06-20"",""Council of the European Union, European Parliament"",""true"",""44"",""OJ L 169, 25/06/2019, p. 1–44"
"		 (BG, ES, CS, DA, DE, ET, EL, EN, FR, GA, HR, IT, LV, LT, HU, MT, NL, PL, PT, RO, SK, SL, FI, SV)"","
"Regulation (EU) 2019/1021 of the European Parliament and of the Council of 20 June 2019 on persistent organic pollutants (recast) (Text with EEA relevance.),""PE/61/2019/REV/1"",""32019R1021"","""","""","""","""",""2023-08-28"",,"""","""",""2019-06-20"",""Council of the European Union, European Parliament"",""true"",""33"",""OJ L 169, 25/06/2019, p. 45–77"
"		 (BG, ES, CS, DA, DE, ET, EL, EN, FR, GA, HR, IT, LV, LT, HU, MT, NL, PL, PT, RO, SK, SL, FI, SV)"","
"Directive (EU) 2019/904 of the European Parliament and of the Council of 5 June 2019 on the reduction of the impact of certain plastic products on the environment (Text with EEA relevance),""PE/11/2019/REV/1"",""32019L0904"","""","""","""","""","""",,"""","""",""2019-06-05"",""European Parliament, Council of the European Union"",""true"",""19"",""OJ L 155, 12/06/2019, p. 1–19"
"		 (BG, ES, CS, DA, DE, ET, EL, EN, FR, GA, HR, IT, LV, LT, HU, MT, NL, PL, PT, RO, SK, SL, FI, SV)"","
"Regulation (EU) 2019/833 of the European Parliament and of the Council of 20 May 2019 laying down conservation and enforcement measures applicable in the Regulatory Area of the Northwest Atlantic Fisheries Organisation, amending Regulation (EU) 2016/1627 and repealing Council Regulations (EC) No 2115/2005 and (EC) No 1386/2007,""PE/34/2019/REV/1"",""32019R0833"","""","""","""","""",""2023-10-17"",,"""","""",""2019-05-20"",""European Parliament, Council of the European Union"",""true"",""41"",""OJ L 141, 28/05/2019, p. 1–41"
"		 (BG, ES, CS, DA, DE, ET, EL, EN, FR, GA, HR, IT, LV, LT, HU, MT, NL, PL, PT, RO, SK, SL, FI, SV)"","
"Directive (EU) 2019/789 of the European Parliament and of the Council of 17 April 2019 laying down rules on the exercise of copyright and related rights applicable to certain online transmissions of broadcasting organisations and retransmissions of television and radio programmes, and amending Council Directive 93/83/EEC (Text with EEA relevance.),""PE/7/2019/REV/1"",""32019L0789"","""","""","""","""","""",,"""","""",""2019-04-17"",""European Parliament, Council of the European Union"",""true"",""10"",""OJ L 130, 17/05/2019, p. 82–91"
"		 (BG, ES, CS, DA, DE, ET, EL, EN, FR, GA, HR, IT, LV, LT, HU, MT, NL, PL, PT, RO, SK, SL, FI, SV)"","
"Regulation (EU) 2019/788 of the European Parliament and of the Council of 17 April 2019 on the European citizens' initiative (Text with EEA relevance.),""PE/92/2018/REV/1"",""32019R0788"","""","""","""","""",""2020-02-01"",,"""","""",""2019-04-17"",""European Parliament, Council of the European Union"",""true"",""27"",""OJ L 130, 17/05/2019, p. 55–81"
"		 (BG, ES, CS, DA, DE, ET, EL, EN, FR, GA, HR, IT, LV, LT, HU, MT, NL, PL, PT, RO, SK, SL, FI, SV)"","
"Regulation (EU) 2019/787 of the European Parliament and of the Council of 17 April 2019 on the definition, description, presentation and labelling of spirit drinks, the use of the names of spirit drinks in the presentation and labelling of other foodstuffs, the protection of geographical indications for spirit drinks, the use of ethyl alcohol and distillates of agricultural origin in alcoholic beverages, and repealing Regulation (EC) No 110/2008,""PE/75/2018/REV/1"",""32019R0787"","""","""","""","""",""2022-08-15"",,"""","""",""2019-04-17"",""European Parliament, Council of the European Union"",""true"",""54"",""OJ L 130, 17/05/2019, p. 1–54"
"		 (BG, ES, CS, DA, DE, ET, EL, EN, FR, GA, HR, IT, LV, LT, HU, MT, NL, PL, PT, RO, SK, SL, FI, SV)"","
"Directive (EU) 2019/713 of the European Parliament and of the Council of 17 April 2019 on combating fraud and counterfeiting of non-cash means of payment and replacing Council Framework Decision 2001/413/JHA,""PE/89/2018/REV/3"",""32019L0713"","""","""","""","""","""",,"""","""",""2019-04-17"",""European Parliament, Council of the European Union"",""true"",""12"",""OJ L 123, 10/05/2019, p. 18–29"
"		 (BG, ES, CS, DA, DE, ET, EL, EN, FR, GA, HR, IT, LV, LT, HU, MT, NL, PL, PT, RO, SK, SL, FI, SV)"","
"Regulation (EU) 2019/631 of the European Parliament and of the Council of 17 April 2019 setting CO2 emission performance standards for new passenger cars and for new light commercial vehicles, and repealing Regulations (EC) No 443/2009 and (EU) No 510/2011 (recast) (Text with EEA relevance.),""PE/6/2019/REV/1"",""32019R0631"","""","""","""","""",""2023-12-03"",,"""","""",""2019-04-17"",""European Parliament, Council of the European Union"",""true"",""41"",""OJ L 111, 25/04/2019, p. 13–53"
"		 (BG, ES, CS, DA, DE, ET, EL, EN, FR, GA, HR, IT, LV, LT, HU, MT, NL, PL, PT, RO, SK, SL, FI, SV)"","
"Directive (EU) 2019/520 of the European Parliament and of the Council of 19 March 2019 on the interoperability of electronic road toll systems and facilitating cross-border exchange of information on the failure to pay road fees in the Union (recast) (Text with EEA relevance.),""PE/69/2018/REV/1"",""32019L0520"","""","""","""","""",""2022-03-24"",,"""","""",""2019-03-19"",""Council of the European Union, European Parliament"",""true"",""32"",""OJ L 91, 29/03/2019, p. 45–76"
"		 (BG, ES, CS, DA, DE, ET, EL, EN, FR, GA, HR, IT, LV, LT, HU, MT, NL, PL, PT, RO, SK, SL, FI, SV)"","
"Regulation (EU) 2019/516 of the European Parliament and of the Council of 19 March 2019 on the harmonisation of gross national income at market prices and repealing Council Directive 89/130/EEC, Euratom and Council Regulation (EC, Euratom) No 1287/2003 (GNI Regulation) (Text with EEA relevance.),""PE/74/2018/REV/1"",""32019R0516"","""","""","""","""","""",,"""","""",""2019-03-19"",""European Parliament, Council of the European Union"",""true"",""6"",""OJ L 91, 29/03/2019, p. 19–24"
"		 (BG, ES, CS, DA, DE, ET, EL, EN, FR, GA, HR, IT, LV, LT, HU, MT, NL, PL, PT, RO, SK, SL, FI, SV)"","
"Directive (EU) 2018/2001 of the European Parliament and of the Council of 11 December 2018 on the promotion of the use of energy from renewable sources (recast) (Text with EEA relevance.),""PE/48/2018/REV/1"",""32018L2001"","""","""","""","""",""2023-11-20"",,"""","""",""2018-12-11"",""Council of the European Union, European Parliament"",""true"",""128"",""OJ L 328, 21/12/2018, p. 82–209"
"		 (BG, ES, CS, DA, DE, ET, EL, EN, FR, GA, HR, IT, LV, LT, HU, MT, NL, PL, PT, RO, SK, SL, FI, SV)"","
