"","rile_mrg","partyname"
"1",-10.213,"Group of the Greens/European Free Alliance"
"2",-9.04,"European Green Party"
"3",-20.657,"Party of the European Left"
"4",-11.111,"Party of European Socialists"
"5",16.193,"Alliance of Liberals and Democrats for Europe Party"
"6",39.316,"European Christian Political Movement"
"7",11.364,"European People's Party"
"8",20.561,"European Conservatives and Reformists Party"
"9",-23.418,"Democracy in Europe Movement 2025"
"10",-10.952,"Volt"
"11",-16.635,"European Pirate Party"
"12",5.51,"Liberalerna"
"13",0.359,"Milj√∂partiet de Gr√∂na"
"14",-13.514,"V√§nsterpartiet"
"15",-12.5,"Socialdemokraterna"
"16",13.347,"Kristdemokraterna"
"17",16.034,"Moderaterna"
"18",5.3,"Sverigedemokraterna"
"19",10.536,"Centerpartiet"
"20",4.592,"Feministiskt Initiativ"
"21",-22.802,"Enhedslisten, de R√∏d-Gr√∏nne"
"22",6.931,"Socialistisk Folkeparti¬†"
"23",-12.209,"Socialdemokratiet"
"24",-0.641,"Radikale Venstre"
"25",1.992,"Venstre - Danmarks Liberale Parti¬†"
"26",7.592,"Det Konservative Folkeparti"
"27",22.951,"Dansk Folkeparti"
"28",-11.034,"Folkebev√¶gelsen mod EU"
"29",-10.843,"Vihre√§ liitto¬†¬†"
"30",-4.16,"Vasemmistoliitto¬†"
"31",-6.173,"Suomen Sosialidemokraattinen Puolue/Finlands Socialdemokratiska Parti"
"32",6.135,"Kansallinen Kokoomus"
"33",2.734,"Perussuomalaiset"
"34",13.7,"Suomen Keskusta"
"35",15.287,"Ruotsalainen Kansanpuolue - Svenska Folkpartiet I¬†Finland"
"36",-11.924,"Ecologistes Conf√©d√©r√©s pour l'Organisation de Luttes Originales"
"37",-22.807,"Groen"
"38",-38.978,"Parti du Travail de Belgique ‚Äì Partij van de Arbeid van Belgi√´"
"39",-23.031,"Socialistische Partij - Anders"
"40",-21.999,"Parti Socialiste"
"41",-9.375,"Open Vlaamse Liberalen en Democraten"
"42",-2.646,"Mouvement R√©formateur"
"43",-13.344,"Christlich Soziale Partei"
"44",-16,"Christen-Democratisch & Vlaams"
"45",-13.285,"Centre D√©mocrate Humaniste"
"46",-2.062,"Nieuw-Vlaamse Alliantie"
"47",-6.061,"Vlaams Belang"
"48",-9.266,"GroenLinks"
"49",-4.693,"Partij voor de Dieren¬†"
"50",-9.427,"Socialistische Partij¬†"
"51",5.6,"ChristenUnie - Staatkundig Gereformeerde Partij"
"52",-0.444,"Partij van de Arbeid"
"53",-2.711,"Democraten 66¬†"
"54",19.806,"Volkspartij voor Vrijheid en Democratie¬†"
"55",-0.551,"Christen Democratisch App√®l¬†"
"56",3.333,"Forum voor Democratie"
"57",3.226,"Partij voor de Vrijheid¬†"
"58",-0.362,"50Plus"
"59",-11.843,"D√©i Gr√©ng/Les Verts"
"60",-18.605,"L√´tzebuerger Sozialistesch Aarbechterpartei/Parti ouvrier socialiste luxembourgeois"
"61",-9.446,"Demokratesch Partei/Parti d√©mocratique"
"62",1.961,"Chr√´schtlech-Sozial Vollekspartei/Parti populaire chr√©tien-social"
"63",-11.321,"Europe √©cologie-Les verts"
"64",-16.633,"France insoumise"
"65",-17.01,"Coalition Envie d'Europe √©cologique et sociale¬†"
"66",-5.686,"Coalition Renaissance¬†"
"67",2.632,"Les R√©publicains¬†"
"68",-1.036,"Rassemblement national"
"69",-29.787,"Movimento 5 Stelle¬†"
"70",-18.966,"Coal La Sinistra"
"71",-11.828,"Partito Democratico¬†"
"72",7.524,"Coalition +Europa"
"73",23.786,"Forza Italia¬†"
"74",-14.241,"Fratelli d'Italia"
"75",-20.69,"Lega Salvini Premier"
"76",-8.696,"S√ºdtiroler Volkspartei¬†"
"77",-18.315,"Coalition Unidas Podemos Cambiar Europa"
"78",-12.694,"Partido Socialista Obrero Espa√±ol + Partido de los Socialistas de Catalu√±a"
"79",-7.027,"Ciudadanos - Partido de la Ciudadan√≠a"
"80",-6.516,"Partido Popular"
"81",8.464,"VOX"
"82",-26.715,"Coalition Ahora Rep√∫blicas"
"83",-12.95,"Coalition por una Europa Solidaria"
"84",-23.81,"Coal LLIURES PER EUROPA (JUNTS)"
"85",6.383,"Kommounistiko Komma Ellados¬†"
"86",-12.346,"Synaspismos Rizospastikis Aristeras¬†"
"87",-4.255,"K√≠nima Allag√≠s"
"88",28.889,"Anexartitoi Ellines"
"89",12.121,"To Potami"
"90",5.534,"Nea Dimokratia"
"91",72.414,"Chrysi Avgi"
"92",-3.478,"Elliniki Lysi"
"93",-12.67,"Pessoas‚ÄìAnimais‚ÄìNatureza"
"94",-11.859,"Bloco do Esquerda¬†"
"95",-25.743,"Coliga√ßao Democratica Unitaria¬†"
"96",-14.943,"Partido Socialista Portugu√™sa¬†"
"97",9.911,"CDS - Partido Popular"
"98",-0.268,"Partido Social Democrata¬†"
"99",-18.857,"Alianca"
"100",-21.849,"Anorthotiko Komma Ergazomenou Laou"
"101",-38.889,"Kinima Sosialdimokraton"
"102",-4.167,"Dimokratik√≥ K√≥mma"
"103",-11.765,"Dimokratikos Synagermos"
"104",-22.222,"Partit Laburista¬†"
"105",-24.02,"Partit Nazzjonalista¬†"
"106",-10.182,"√ñkologisch-Demokratische Partei¬†"
"107",-13.306,"B√ºndnis 90/Die Gr√ºnen"
"108",-19.092,"Die Linke"
"109",-14.355,"Sozialdemokratische Partei Deutschlands¬†"
"110",4.553,"Freie Demokratische Partei"
"111",8.149,"Christlich Demokratische Union Deutschlands / Christlich-Soziale Union in Bayern e.V."
"112",17.625,"Nationaldemokratische Partei Deutschlands¬†"
"113",-3.854,"Freie W√§hler"
"114",14.646,"Alternative f√ºr Deutschland"
"115",-12.549,"Piratenpartei Deutschland¬†"
"116",0.337,"Familien-Partei Deutschlands"
"117",-6.667,"Partei f√ºr Arbeit, Rechtsstaat, Tierschutz, Elitenf√∂rderung und basisdemokratische Initiative"
"118",-4.539,"Partei Mensch Umwelt Tierschutz"
"119",-15.021,"Volt"
"120",-20.872,"Die Gr√ºnen¬†"
"121",-28.392,"Sozialdemokratische Partei √ñsterreichs¬†"
"122",3.158,"Freiheitliche Partei √ñsterreichs¬†"
"123",-0.875,"NEOS Das Neue √ñsterreich und Liberales Forum¬†"
"124",12.01,"√ñsterreichische Volkspartei¬†"
"125",-9.462,"Green Party"
"126",-12.319,"Labour Party"
"127",-1.02,"Alliance Party"
"128",3.723,"Liberal Democrats"
"129",17.143,"Conservative and Unionist Party"
"130",0,"Brexit Party"
"131",-4.681,"Plaid Cymru - Party of Wales"
"132",-8.118,"Scottish National Party"
"133",12.299,"Democratic Unionist Party"
"134",8.73,"Ulster Unionist Party"
"135",28.571,"United Kingdom Independence Party"
"136",-16.071,"Sinn F√©in"
"137",1.613,"Independent Luke Ming Flanagan"
"138",-24.051,"Green Party - Comahoantas Glass¬†"
"139",-11.765,"Social Democrats"
"140",8.571,"Independents 4 Change"
"141",-22.626,"Irish Labour Party - P√°irt√≠ an Lucht Oibre¬†"
"142",-9.899,"Gaelic Nation - Fine Gael¬†"
"143",-9.455,"Soldiers of Destiny - Fianna F√°il¬†"
"144",-21.509,"We Ourselves - Sinn F√©in¬†"
"145",-11.65,"Balgarska Socialisticheska Partija¬†"
"146",-13.333,"Dvizhenie za Prava i Swobodi¬†"
"147",-31.111,"Reload Bulgaria"
"148",13.043,"Demokratichna Bulgaria"
"149",-7.121,"Grazhdani za Evropejsko Razvitie na Bulgaria¬†"
"150",7,"Balgarija bes Zensura + Bulgarsko Natsionalno Dvizhenie + Zemedelski Naroden Sajuz + Dvizhenie Gergyovden¬†"
"151",-10,"Ataka"
"152",-10.714,"≈ΩIVI ZID"
"153",7.143,"Mislav Kolaku≈°iƒá"
"154",-18.48,"Socijaldemokratska partija Hrvatske"
"155",8.44,"Hrvatska narodna stranka"
"156",-21.053,"START¬†"
"157",-8.414,"Coal AMS"
"158",-2.632,"Hrvatska demokratska zajednica"
"159",-8.824,"Most nezavisnih lista"
"160",60.87,"Coal Hrv. Suverenisti"
"161",-29.323,"Komunistick√° strana ƒåech a Moravy"
"162",0.562,"ƒåesk√° strana soci√°lnƒõ demokratick√°"
"163",-12.789,"ƒåesk√° pir√°tsk√° strana"
"164",5,"Obƒçansk√° demokratick√° strana"
"165",1.531,"ANO 2011"
"166",6.78,"Strana svobodn√Ωch obƒçan≈Ø"
"167",5.093,"K≈ôes≈•ansk√° a demokratick√° unie ‚Äì ƒåeskoslovensk√° strana lidov√°"
"168",-0.435,"STAROSTOV√â (STAN) s region√°ln√≠mi partnery a TOP 09"
"169",10.656,"Svoboda a p≈ô√≠m√° demokracie"
"170",6.897,"Elurikkuse Erakond"
"171",-27.941,"Erakond Eestimaa Rohelised"
"172",-2.797,"Erakond Eesti 200"
"173",-6.897,"Sotsiaaldemokraatlik Erakond¬†"
"174",-6.612,"Eesti Keskerakond"
"175",13.445,"Eesti Reformierakond"
"176",10.021,"Isamaa Erakond"
"177",6.522,"Eesti Konservatiivne Rahvaerakond"
"178",-15.931,"Lehet M√°s a Politika¬†"
"179",-11.172,"Magyar Szocialista P√°rt¬†"
"180",-20.639,"Demokratikus Koal√≠ci√≥¬†"
"181",17.152,"Fidesz Magyar Polg√°ri Sz√∂vets√©g - Kereszt√©nydemokrata N√©pp√°rt"
"182",-2.466,"Jobbik Magyarorsz√°g√©rt Mozgalom¬†"
"183",14.516,"Momentum Mozgalom"
"184",0,"Coalition Zaƒºo un Zemnieku Savienƒ´ba"
"185",-15.254,"Saska≈Üa SociƒÅldemokrƒÅtiskƒÅ partija"
"186",-17.582,"Coalition AP!¬†"
"187",10.909,"JaunƒÅ Vienotƒ´ba"
"188",27.419,"Coalition NacionƒÅlƒÅ apvienƒ´ba"
"189",-3.39,"Latvijas Krievu savienƒ´bƒÅ"
"190",20,"Visuomeninis rinkim≈≥ komitetas ‚ÄûAu≈°ros Maldeikienƒós traukinys‚Äú"
"191",-8.368,"Lietuvos Socialdemokrat≈≥ Partija¬†"
"192",-7.324,"Darbo Partija¬†"
"193",4.695,"Lietuvos Respublikos liberal≈≥ sƒÖj≈´dis"
"194",20.833,"Partija Tvarka ir Teisingumas¬†"
"195",-7.035,"Lietuvos Valstieƒçi≈≥ ir ≈Ωali≈≥j≈≥ SƒÖjunga¬†"
"196",11.538,"T√©vyn√®s Sajunga - Lietuvos Krik≈°ƒçionys¬†Demokratai"
"197",9.375,"Lietuvos lenk≈≥ rinkim≈≥ akcija - krik≈°ƒçioni≈°k≈≥ ≈°eim≈≥ sƒÖjunga"
"198",-17.784,"Coalition Lewica Razem"
"199",-18.692,"Wiosna Roberta Biedronia"
"200",28.571,"Prawo i Sprawiedliwo≈õƒá"
"201",50,"Konfederacja KORWiN Braun Liroy Narodowcy"
"202",-4.225,"Coalition Koalicja Europejska"
"203",1.515,"Partidul Pro Romania"
"204",-12.971,"Coalition 2020 USR + PLUS Alliance"
"205",-7.78,"Partidul Na≈£ional Liberal"
"206",5.645,"Partidul Mi»ôcarea PopularƒÉ¬†"
"207",47.297,"Partidul Social Democrat"
"208",0,"Uniunea DemocratƒÉ MaghiarƒÉ din Rom√¢nia"
"209",12.442,"Coalition (Progres√≠vne Slovensko + SPOLU - obƒçianska demokracia)"
"210",1.149,"Most-H√≠d"
"211",19.643,"Smer-soci√°lna demokracia"
"212",12,"Kres≈•anskodemokratick√© hnutie"
"213",11.565,"SME RODINA - Boris Koll√°r"
"214",16.071,"Sloboda a Solidarita"
"215",11.312,"Coalition (Obyƒçajn√≠ ƒΩudia a nez√°visl√© osobnosti + Nov√° v√§ƒç≈°ina - Dohoda)"
"216",11.588,"Strana mad'arskej komunity - Magyar K√∂z√∂ss√©g P√°rtja"
"217",-7.237,"Coalition (Slovenska demokratska stranka + Slovenska ljudska stranka)"
"218",-20.195,"Socialni Demokrati¬†"
"219",-11.801,"Lista Marjana ≈†arca"
"220",0.325,"Nova Slovenija"
"221",5.714,"Demokratiƒçna stranka upokojencev Slovenije"
"222",-27.5,"Party of European Socialists"
"223",-10.278,"Group of the Alliance of Liberals and Democrats for Europe"
"224",-5.714,"European People's Party"
"225",-34,"Socialistisk Folkeparti"
"226",-28.07,"Socialdemokraterne"
"227",-29.323,"Det Radikale Venstre"
"228",-11.538,"Venstre - Danmarks Liberale Parti"
"229",3.125,"Det Konservative Folkeparti"
"230",13.953,"Siumut"
"231",25,"Fremskridtspartiet"
"232",18.182,"Folkebev√¶gelsen Mod EU"
"233",-29.052,"Socialistische Partij Anders"
"234",6.597,"Parti Socialiste"
"235",-1.887,"Open Vlaamse Liberalen en Democraten"
"236",29.022,"Christen-Demokratisch & Vlaams"
"237",-16.981,"Nieuw-Vlaamse-Alliantie"
"238",-26.292,"FDF/RW"
"239",-22.5,"Politieke Partij Radikalen"
"240",-46.154,"Communistische Partij van Nederland"
"241",-51.675,"Partij van de Arbeid"
"242",-21.782,"Democraten 66"
"243",-1.316,"Staatkundig Gereformeerde Partij"
"244",6.716,"Gereformeerd Politiek Verbond"
"245",-12.5,"Letzebuergesch Sozialistesch Arbechterpartei"
"246",29.412,"Demokratesch Partei"
"247",2.381,"Chreschtlich Sozial Vollekspartei"
"248",-7.035,"Parti Communiste Fran√ßais"
"249",-23.022,"Parti Socialiste"
"250",9.028,"Rassemblement pour la R√©publique"
"251",-22.703,"Partito Comunista Italiano"
"252",-19.886,"B√ºndnis 90 - Die Gr√ºnen"
"253",-19.939,"Sozialdemokratische Partei Deutschlands"
"254",-8.122,"Freie Demokratische Partei"
"255",-5.725,"Christlich Demokratische Union"
"256",32.895,"Christlich Soziale Union"
"257",-21.586,"Labour Party"
"258",-6.431,"Social Democratic and Labour Party"
"259",8.025,"Conservative Party"
"260",-15.177,"Irish Labour Party - P√°irt√≠ an Lucht Oibre"
"261",10.331,"Gaelic Nation - Fine Gael"
"262",-16.667,"Soldiers of Destiny - Fianna F√°il"
"263",-18.262,"Party of European Socialists"
"264",-5.916,"Group of the Alliance of Liberals and Democrats for Europe"
"265",0.676,"European People's Party"
"266",-30.769,"Socialistisk Folkeparti"
"267",-24.868,"Socialdemokraterne"
"268",19.531,"Centrumdemokraterne"
"269",-16.814,"Venstre - Danmarks Liberale Parti"
"270",-31.25,"Fremskridtspartiet"
"271",9.524,"Folkebev√¶gelsen Mod EU"
"272",-15.884,"√âcologistes Conf√©d√©r√©s"
"273",-22.309,"Groen"
"274",-26.454,"Socialistische Partij Anders"
"275",-18.422,"Parti Socialiste"
"276",-3.198,"Open Vlaamse Liberalen en Democraten"
"277",32.874,"Christen-Demokratisch & Vlaams"
"278",-17.666,"Front D√©mocratique de Francophones"
"279",-15.075,"Nieuw-Vlaamse-Alliantie"
"280",2,"ChristenUnie - Staatskundig Gereformeerde Partij"
"281",-20.641,"Partij van de Arbeid"
"282",-9.517,"Democraten 66"
"283",5.782,"Reformatorische Politieke Federatie"
"284",2.308,"Staatkundig Gereformeerde Partij"
"285",4.528,"Gereformeerd Politiek Verbond"
"286",-39.316,"D√©i Gr√©ng"
"287",6.25,"Demokratesch Partei"
"288",6.977,"Chreschtlich Sozial Vollekspartei"
"289",-4.819,"Parti Communiste Fran√ßais"
"290",10.354,"Rassemblement pour la R√©publique"
"291",46.97,"Partito Populare Italiano"
"292",22.727,"Kommounistiko Komma Ellados"
"293",17.614,"Panellinio Socialistico Kinima"
"294",-17.29,"B√ºndnis 90 - Die Gr√ºnen"
"295",-23.029,"Sozialdemokratische Partei Deutschlands"
"296",1.158,"Freie Demokratische Partei"
"297",-7.562,"Christlich Demokratische Union"
"298",19.703,"Christlich Soziale Union"
"299",-25.328,"Labour Party"
"300",7.96,"Social Democratic and Labour Party"
"301",-8.98,"Liberal Party - Social Democratic Party"
"302",12.104,"Conservative Party"
"303",-15.544,"Plaid Cymru"
"304",41.611,"Democratic Unionist Party"
"305",36.709,"Ulster Unionist Party"
"306",-18.262,"Irish Labour Party - P√°irt√≠ an Lucht Oibre"
"307",-12.963,"Partido Socialista Obrero Espa√±ol - Partit dels Socialistes de Catalunya"
"308",-4.418,"Centro Democr√°tico y Social - Coalici√≥n Foro"
"309",21.25,"Partido Popular"
"310",-6.197,"Conv√©rgencia i Uni√≤"
"311",13.793,"Partido Comunista Portugu√™s"
"312",5.97,"Partido Social Democrata"
"313",-9.804,"Partido Popular"
"314",-12.583,"Group of the Greens - European Free Alliance"
"315",-31.835,"Party of European Socialists"
"316",-11.707,"Group of the Alliance of Liberals and Democrats for Europe"
"317",8.889,"European People's Party"
"318",-23.636,"Socialistisk Folkeparti"
"319",-31.795,"Socialdemokraterne"
"320",-14.286,"Centrumdemokraterne"
"321",-27.928,"Det Radikale Venstre"
"322",-17.647,"Venstre - Danmarks Liberale Parti"
"323",19.048,"Fremskridtspartiet"
"324",-24.06,"Folkebev√¶gelsen Mod EU"
"325",-20.015,"√âcologistes Conf√©d√©r√©s"
"326",-16.643,"Groen"
"327",-27.967,"Socialistische Partij Anders"
"328",3.973,"Open Vlaamse Liberalen en Democraten"
"329",-8.267,"Christen-Demokratisch & Vlaams"
"330",8.75,"Centre Democrate Humaniste"
"331",-14.222,"Front D√©mocratique de Francophones"
"332",-18.947,"Nieuw-Vlaamse-Alliantie"
"333",-6.693,"Vlaams Belang"
"334",-10.294,"Regenboog"
"335",6.438,"Socialistische Partij"
"336",9.417,"ChristenUnie - Staatskundig Gereformeerde Partij"
"337",-24.49,"Partij van de Arbeid"
"338",-9.907,"Democraten 66"
"339",-6.188,"Reformatorische Politieke Federatie"
"340",-2.786,"Staatkundig Gereformeerde Partij"
"341",-8.824,"Gereformeerd Politiek Verbond"
"342",-7.692,"D√©i Gr√©ng"
"343",-4.545,"Letzebuergesch Sozialistesch Arbechterpartei"
"344",9.091,"Demokratesch Partei"
"345",8.163,"Chreschtlich Sozial Vollekspartei"
"346",-39.199,"Parti Communiste Fran√ßais"
"347",-31.707,"Parti Socialiste"
"348",23.75,"Rassemblement pour la R√©publique - Union pour la D√©mocratie Fran√ßaise"
"349",26.471,"Chasse, P√™che, Nature, Traditions"
"350",8.791,"Socialisti Democratici Italiani"
"351",47.967,"Partito Populare Italiano"
"352",-28.205,"Izquierda Unida"
"353",-39.793,"Partido Socialista Obrero Espa√±ol - Partit dels Socialistes de Catalunya"
"354",-7.395,"Centro Democr√°tico y Social - Coalici√≥n Foro"
"355",-6.031,"Partido Popular"
"356",-12.698,"Conv√©rgencia i Uni√≤"
"357",-4.263,"Partido Nacionalista Vasco - Euzko Alderdi Jeltzalea"
"358",-26.667,"Esquerra Republicana de Catalunya"
"359",-23.529,"Europa de los Pueblos"
"360",24.561,"Kommounistiko Komma Ellados"
"361",-28.836,"Partido Comunista Portugu√™s"
"362",-14.737,"Partido Socialista Portugu√™sa"
"363",4.866,"Partido Social Democrata"
"364",-33.101,"B√ºndnis 90 - Die Gr√ºnen"
"365",-31.835,"Sozialdemokratische Partei Deutschlands"
"366",-5.5,"Freie Demokratische Partei"
"367",8.889,"Christlich Demokratische Union"
"368",17.316,"Christlich Soziale Union"
"369",20.183,"Die Republikaner"
"370",-11.801,"Green Party"
"371",-22.549,"Labour Party"
"372",-11.29,"Social Democratic and Labour Party"
"373",-9.449,"Liberal Democrats"
"374",23.187,"Conservative Party"
"375",-14.179,"Scottish National Party"
"376",38.947,"Democratic Unionist Party"
"377",5.217,"Ulster Unionist Party"
"378",-14.607,"Socialist Party - P√°irt√≠ S√≥isialach"
"379",-31.835,"Irish Labour Party - P√°irt√≠ an Lucht Oibre"
"380",11.864,"Gaelic Nation - Fine Gael"
"381",-16.49,"Group of the Greens - European Free Alliance"
"382",-13.802,"Party of European Socialists"
"383",5.085,"Group of the Alliance of Liberals and Democrats for Europe"
"384",12.613,"European People's Party"
"385",-34.416,"Socialistisk Folkeparti"
"386",-34.197,"Socialdemokraterne"
"387",0,"Centrumdemokraterne"
"388",-33.784,"Det Radikale Venstre"
"389",-6.497,"Venstre - Danmarks Liberale Parti"
"390",-17.266,"Det Konservative Folkeparti"
"391",5,"Fremskridtspartiet"
"392",-7.237,"Folkebev√¶gelsen Mod EU"
"393",-26.63,"JuniBev√¶gelsen"
"394",-22.549,"√âcologistes Conf√©d√©r√©s"
"395",-13.63,"Groen"
"396",-15.86,"Socialistische Partij Anders"
"397",-12.865,"Open Vlaamse Liberalen en Democraten"
"398",22.018,"F√©d√©ralistes D√©mocrates Francophones - Parti R√©formateur Lib√©ral"
"399",7.973,"Christen-Demokratisch & Vlaams"
"400",-8.741,"Centre Democrate Humaniste"
"401",-22.931,"Nieuw-Vlaamse-Alliantie"
"402",5.625,"Vlaams Belang"
"403",-24.095,"GroenLinks"
"404",-35.849,"Socialistische Partij"
"405",18.449,"ChristenUnie - Staatskundig Gereformeerde Partij"
"406",-18.263,"Partij van de Arbeid"
"407",-18.893,"Democraten 66"
"408",-1.659,"Volkspartij voor Vrijheid en Democratie"
"409",12.613,"Christen Democratisch App√®l"
"410",-22.816,"D√©i Gr√©ng"
"411",23.944,"Letzebuergesch Sozialistesch Arbechterpartei"
"412",9.302,"Demokratesch Partei"
"413",21.023,"Chreschtlich Sozial Vollekspartei"
"414",-20.899,"Parti Communiste Fran√ßais"
"415",-16.071,"Parti Socialiste"
"416",-16.016,"Parti Radical de Gauche"
"417",15.854,"Mouvement R√©publicain et Citoyen"
"418",1.674,"Rassemblement pour la R√©publique - Union pour la D√©mocratie Fran√ßaise"
"419",14.444,"Front National"
"420",3.546,"Rassemblement pour la France et l'Ind√©pendance de l'Europe"
"421",16.923,"Chasse, P√™che, Nature, Traditions"
"422",-20,"Federazione de Verdi"
"423",-36.842,"Partito della Rifondazione Comunista"
"424",-0.573,"Partito Democratico della Sinistra"
"425",-3.846,"Patto Segni"
"426",70.339,"Partito Populare Italiano"
"427",-6.098,"Forza Italia"
"428",-4.459,"Alleanza Nazionale"
"429",10.667,"Lega Nord"
"430",-26.22,"Izquierda Unida"
"431",-10.887,"Partido Socialista Obrero Espa√±ol - Partit dels Socialistes de Catalunya"
"432",9.615,"Partido Popular"
"433",-2.537,"Conv√©rgencia i Uni√≤"
"434",-11.797,"Partido Nacionalista Vasco - Euzko Alderdi Jeltzalea"
"435",-16.105,"Eusko Alkartasuna"
"436",-18.934,"Esquerra Republicana de Catalunya"
"437",-19.495,"Batasuna"
"438",-23.148,"Bloque Nacionalista Galego"
"439",2.146,"Agrupaci√≥n Ruiz-Mateos"
"440",-9.211,"Por la Europa de los Pueblos"
"441",-2.465,"Kommounistiko Komma Ellados"
"442",0.199,"Panellinio Socialistico Kinima"
"443",-11.224,"Partido Ecologista - Os Verdes"
"444",-31.313,"Partido Comunista Portugu√™s"
"445",-14.796,"Partido Socialista Portugu√™sa"
"446",-9.091,"Partido Social Democrata"
"447",-14.796,"Partido Popular"
"448",-18.493,"B√ºndnis 90 - Die Gr√ºnen"
"449",-25.103,"Die Linke"
"450",-13.802,"Sozialdemokratische Partei Deutschlands"
"451",10.992,"Freie Demokratische Partei"
"452",-2.625,"Christlich Demokratische Union"
"453",9.013,"Christlich Soziale Union"
"454",52.653,"Die Republikaner"
"455",-15.014,"Green Party"
"456",-28.392,"Labour Party"
"457",-12.727,"Social Democratic and Labour Party"
"458",-5.293,"Liberal Democrats"
"459",11.159,"Conservative Party"
"460",-17.312,"Plaid Cymru"
"461",-5.802,"Scottish National Party"
"462",5.577,"Democratic Unionist Party"
"463",0.926,"Ulster Unionist Party"
"464",-3.636,"United Kingdom Independence Party"
"465",-27.2,"Socialist Party - P√°irt√≠ S√≥isialach"
"466",-14.124,"Irish Labour Party - P√°irt√≠ an Lucht Oibre"
"467",20.495,"Progressive Democrats - An P√°irt√≠ Daonlathach"
"468",6.03,"Gaelic Nation - Fine Gael"
"469",-14.184,"Soldiers of Destiny - Fianna F√°il"
"470",-13.636,"Milj√∂partiet de Gr√∂na"
"471",-29.07,"V√§nsterpartiet"
"472",-28.5,"Sverige Socialdemokratiska Arbetareparti"
"473",-9.859,"Folkpartiet Liberalerna"
"474",5.96,"Kristdemokraterna"
"475",18.902,"Moderata Samlingspartiet"
"476",-25.686,"Centerpartiet"
"477",-39.098,"Vihre√§ Liitto"
"478",-38.012,"Vasemmistoliitto"
"479",-38.333,"Suomen Sosialidemokraattinen Puolue"
"480",-7.801,"Kansallinen Kokoomus"
"481",-20.472,"Suomen Keskusta"
"482",-15.493,"Ruotsalainen Kansanpuolue - Svenska Folkpartiet I Finland"
"483",-20.556,"Die Gr√ºnen"
"484",-27.7,"Sozialdemokratische Partei √ñsterreichs"
"485",6.977,"Freiheitliche Partei √ñsterreichs"
"486",-4.032,"Liberales Forum"
"487",4.032,"√ñsterreichische Volkspartei"
"488",-15.985,"Group of the Greens - European Free Alliance"
"489",2.734,"Party of European Socialists"
"490",3.846,"Group of the Alliance of Liberals and Democrats for Europe"
"491",24.545,"European People's Party"
"492",-6.14,"Milj√∂partiet de Gr√∂na"
"493",-22.68,"V√§nsterpartiet"
"494",-40.777,"Sverige Socialdemokratiska Arbetareparti"
"495",-3.239,"Folkpartiet Liberalerna"
"496",-10.465,"Kristdemokraterna"
"497",22.936,"Moderata Samlingspartiet"
"498",-15.652,"Centerpartiet"
"499",-20.968,"Socialistisk Folkeparti"
"500",-18.557,"Socialdemokraterne"
"501",-15.707,"Centrumdemokraterne"
"502",-29.032,"Det Radikale Venstre"
"503",-1.389,"Venstre - Danmarks Liberale Parti"
"504",34.483,"Det Konservative Folkeparti"
"505",24.242,"Dansk Folkeparti"
"506",-11.111,"Fremskridtspartiet"
"507",-7.692,"Folkebev√¶gelsen Mod EU"
"508",-5.118,"JuniBev√¶gelsen"
"509",-25.806,"Vihre√§ Liitto"
"510",-45.596,"Vasemmistoliitto"
"511",-33.962,"Suomen Sosialidemokraattinen Puolue"
"512",2.703,"Suomen Kristillisdemokraatit"
"513",-0.303,"Kansallinen Kokoomus"
"514",-16.364,"Suomen Keskusta"
"515",-17.699,"Ruotsalainen Kansanpuolue - Svenska Folkpartiet I Finland"
"516",-10.93,"√âcologistes Conf√©d√©r√©s"
"517",-17.514,"Groen"
"518",-15.411,"Socialistische Partij Anders"
"519",0,"Parti Socialiste"
"520",13.126,"Open Vlaamse Liberalen en Democraten"
"521",-23.133,"Parti R√©formateur Lib√©ral - F√©d√©ralistes D√©mocrates Francophones - Mouvement des Citoyens pour le Changement"
"522",-7.353,"Christen-Demokratisch & Vlaams"
"523",-14.615,"Centre Democrate Humaniste"
"524",-8.333,"Front National"
"525",4.167,"Vlaams Belang"
"526",0.275,"SPIRIT"
"527",-4.688,"GroenLinks"
"528",-18.31,"Socialistische Partij"
"529",10.301,"ChristenUnie - Staatskundig Gereformeerde Partij"
"530",-9.735,"Partij van de Arbeid"
"531",-14.8,"Democraten 66"
"532",8.475,"Volkspartij voor Vrijheid en Democratie"
"533",24.545,"Christen Democratisch App√®l"
"534",-19.524,"D√©i Gr√©ng"
"535",-4.878,"Letzebuergesch Sozialistesch Arbechterpartei"
"536",-15.909,"Demokratesch Partei"
"537",17.117,"Chreschtlich Sozial Vollekspartei"
"538",-27.713,"Les Verts"
"539",-24.359,"Parti Communiste Fran√ßais"
"540",-10.959,"Lutte Ouvri√®re"
"541",-32.458,"Ligue Communiste R√©volutionnaire"
"542",-23.78,"Parti Socialiste"
"543",-5.556,"Parti Radical de Gauche"
"544",8.683,"Nouvelle Union pour la D√©mocratie Fran√ßaise"
"545",-5.263,"Union pour un Mouvement Populaire"
"546",9.859,"Front National"
"547",7.097,"Rassemblement pour la France et l'Ind√©pendance de l'Europe"
"548",18.182,"Chasse, P√™che, Nature, Traditions"
"549",-49.671,"Partito della Rifondazione Comunista"
"550",-23.881,"Partito dei Comunisti Italiani"
"551",0,"Partito Democratico della Sinistra"
"552",18.519,"Partito Radicale - Lista Bonino-Pannella"
"553",7.196,"I Democratici"
"554",42.718,"Federazione dei Liberali - Partito Repubblicano Italiano"
"555",16.949,"Ulivo"
"556",13.636,"Partito Populare Italiano"
"557",68.182,"Centro Cristiano Democratico"
"558",30.588,"Forza Italia"
"559",4.615,"Alleanza Nazionale"
"560",1.656,"Lega Nord"
"561",-0.794,"S√ºdtiroler Volkspartei"
"562",-28.931,"Izquierda Unida"
"563",-0.565,"Partido Socialista Obrero Espa√±ol - Partit dels Socialistes de Catalunya"
"564",6.323,"Partido Popular"
"565",-5.106,"Conv√©rgencia i Uni√≤"
"566",-7.5,"Batasuna"
"567",-22.43,"Bloque Nacionalista Galego"
"568",6.667,"Kommounistiko Komma Ellados"
"569",17.49,"Synaspismos Rizospastikis Aristeras"
"570",19.218,"Panellinio Socialistico Kinima"
"571",32.11,"Dimokratiki Kinoniku Kinima"
"572",53.012,"Nea Dimokratia"
"573",33.333,"Politiki Anixi"
"574",-24.5,"Partido Ecologista - Os Verdes"
"575",-21.076,"Partido Comunista Portugu√™s"
"576",-6.19,"Partido Socialista Portugu√™sa"
"577",6.881,"Partido Social Democrata"
"578",-0.826,"Partido Popular"
"579",-16.009,"B√ºndnis 90 - Die Gr√ºnen"
"580",-22.866,"Die Linke"
"581",2.734,"Sozialdemokratische Partei Deutschlands"
"582",8.547,"Freie Demokratische Partei"
"583",20.497,"Christlich Demokratische Union"
"584",25.874,"Christlich Soziale Union"
"585",11.621,"Die Republikaner"
"586",-28.536,"Die Gr√ºnen"
"587",-13.968,"Sozialdemokratische Partei √ñsterreichs"
"588",18.881,"Freiheitliche Partei √ñsterreichs"
"589",10.74,"Liberales Forum"
"590",6.112,"√ñsterreichische Volkspartei"
"591",-15.251,"Green Party"
"592",2.734,"Labour Party"
"593",-3.211,"Social Democratic and Labour Party"
"594",-11.273,"Liberal Democrats"
"595",7.031,"Conservative Party"
"596",-15.385,"Plaid Cymru"
"597",-0.664,"Scottish National Party"
"598",28.302,"Democratic Unionist Party"
"599",-6.015,"Ulster Unionist Party"
"600",3.597,"United Kingdom Independence Party"
"601",-18.568,"Green Party - Comahoantas Glass"
"602",-25.589,"Socialist Party - P√°irt√≠ S√≥isialach"
"603",-12.821,"Irish Labour Party - P√°irt√≠ an Lucht Oibre"
"604",7.544,"Gaelic Nation - Fine Gael"
"605",-14.706,"Soldiers of Destiny - Fianna F√°il"
"606",-13.376,"Group of the Greens - European Free Alliance"
"607",-2.597,"Party of European Socialists"
"608",0.949,"Group of the Alliance of Liberals and Democrats for Europe"
"609",16.279,"European People's Party"
"610",-16.356,"Milj√∂partiet de Gr√∂na"
"611",-8.861,"V√§nsterpartiet"
"612",-12.069,"Sverige Socialdemokratiska Arbetareparti"
"613",-1.32,"Folkpartiet Liberalerna"
"614",1.618,"Kristdemokraterna"
"615",17.241,"Moderata Samlingspartiet"
"616",-6.297,"Centerpartiet"
"617",-15.612,"Junilistan"
"618",-30.806,"Socialistisk Folkeparti"
"619",-14.341,"Socialdemokraterne"
"620",-26.115,"Det Radikale Venstre"
"621",3.185,"Venstre - Danmarks Liberale Parti"
"622",-12.329,"Det Konservative Folkeparti"
"623",-32.394,"Dansk Folkeparti"
"624",-11.224,"Folkebev√¶gelsen Mod EU"
"625",-15.982,"JuniBev√¶gelsen"
"626",-19.355,"Vihre√§ Liitto"
"627",-50.926,"Vasemmistoliitto"
"628",-20.588,"Suomen Sosialidemokraattinen Puolue"
"629",8.065,"Suomen Kristillisdemokraatit"
"630",-8.219,"Kansallinen Kokoomus"
"631",-16.829,"Suomen Keskusta"
"632",-7.287,"Ruotsalainen Kansanpuolue - Svenska Folkpartiet I Finland"
"633",-8.306,"√âcologistes Conf√©d√©r√©s"
"634",-8.306,"Groen"
"635",-17.824,"Socialistische Partij Anders"
"636",-16.2,"Parti Socialiste"
"637",-24.5,"SPIRIT"
"638",14.008,"Open Vlaamse Liberalen en Democraten"
"639",-6.433,"Mouvement R√©formateur"
"640",4.26,"Christen-Demokratisch & Vlaams"
"641",-9.562,"Centre Democrate Humaniste"
"642",25.806,"Front National"
"643",-31.25,"Nieuw-Vlaamse-Alliantie"
"644",1.565,"Vlaams Belang"
"645",-5.701,"GroenLinks"
"646",-42.47,"Socialistische Partij"
"647",5.819,"ChristenUnie - Staatskundig Gereformeerde Partij"
"648",-5.587,"Partij van de Arbeid"
"649",-4.787,"Democraten 66"
"650",0.949,"Volkspartij voor Vrijheid en Democratie"
"651",5.263,"Christen Democratisch App√®l"
"652",-22.222,"Lijst Pim Fortuyn"
"653",-23.148,"Europa Transparent"
"654",-13.376,"D√©i Gr√©ng"
"655",2,"Letzebuergesch Sozialistesch Arbechterpartei"
"656",-2.459,"Demokratesch Partei"
"657",34.459,"Chreschtlich Sozial Vollekspartei"
"658",-2.902,"Aktiounskomitee fir Demokratie Rentegerechtegkeet"
"659",-6.599,"Les Verts"
"660",11.111,"Le terre sinon rien"
"661",-36.413,"Parti Communiste Fran√ßais"
"662",-33.333,"Lutte Ouvri√®re"
"663",-16.794,"Front de Gauche"
"664",-5.282,"Parti Socialiste"
"665",-25.281,"Parti Radical de Gauche"
"666",-6.08,"Nouvelle Union pour la D√©mocratie Fran√ßaise"
"667",7.508,"Mouvement pour la France"
"668",28.682,"Union pour un Mouvement Populaire"
"669",1.703,"Front National"
"670",-19.048,"Union Fran√ßaise pour la Coh√©sion Nationale"
"671",17.61,"Rassemblement pour la France et l'Ind√©pendance de l'Europe"
"672",-3.824,"Chasse, P√™che, Nature, Traditions"
"673",-25.197,"L'Ouest au C≈ìur"
"674",-33.333,"Nouvelle Solidarit√©"
"675",-16.892,"Herritarren Zerrenda"
"676",-22.66,"Europe D√©mocratie Esp√©ranto"
"677",-20.395,"Parti des Socioprofessionnels"
"678",-13.793,"Diversit√© pour l'Europe"
"679",-3.401,"Federazione de Verdi"
"680",-35.291,"Partito della Rifondazione Comunista"
"681",-5.479,"Partito dei Comunisti Italiani"
"682",57.812,"Partito Radicale - Lista Bonino-Pannella"
"683",25.641,"Lista Pri-Liberal/Sgarbi"
"684",-43.256,"Italia dei Valori - Lista Di Pietro"
"685",9.035,"Unione Democratici Europei"
"686",-16.594,"Democratici di Sinistra - Socialisti Democratici Italiani - La Margherita - Movimento Repubblicani Europei"
"687",49.265,"Patto Segni"
"688",15.385,"Unione dei Democratici Cristiani e dei Democratici di Centro"
"689",17.666,"Forza Italia"
"690",18.182,"Alleanza Nazionale"
"691",-0.241,"Lega Nord"
"692",0.847,"S√ºdtiroler Volkspartei"
"693",-13.376,"Partido Verde Europeo"
"694",-40.255,"Izquierda Unida"
"695",-2,"Partido Socialista Obrero Espa√±ol - Partit dels Socialistes de Catalunya"
"696",17.637,"Partido Popular"
"697",-8.573,"Conv√©rgencia i Uni√≤"
"698",-7.667,"Partido Nacionalista Vasco - Euzko Alderdi Jeltzalea"
"699",-22.357,"Eusko Alkartasuna"
"700",-14.749,"Esquerra Republicana de Catalunya"
"701",-27.701,"Batasuna"
"702",-7.38,"Coalici√≥n Canaria"
"703",-25.628,"Europa de los Pueblos"
"704",-23.967,"Galeusca"
"705",-7.018,"Coalici√≥n Europea"
"706",-15.873,"Kommounistiko Komma Ellados"
"707",16.232,"Synaspismos Rizospastikis Aristeras"
"708",13.333,"Panellinio Socialistico Kinima"
"709",35.523,"Nea Dimokratia"
"710",48.276,"Laikos Orthodoxos Synagermos"
"711",32.548,"Demokratiki Perifereiaki Enosi"
"712",-35.632,"Bloco do Esquerda"
"713",-3.83,"Coliga√ßao Democratica Unitaria"
"714",20.088,"Partido Socialista Portugu√™sa"
"715",-0.922,"Partido Social Democrata - Partido Popular"
"716",7.193,"Kinima Oikologoi Perivallontistoi"
"717",18.868,"Anorthotik√≥ K√≥mma Ergaz√≥menou Lao√∫"
"718",19.672,"Kinima Sosialdimokraton"
"719",52.861,"Dimokratik√≥ K√≥mma"
"720",27.434,"Dimokratikos Sinagermos"
"721",-2.597,"Partit Laburista"
"722",15,"Partit Nazzjonalista"
"723",-13.376,"B√ºndnis 90 - Die Gr√ºnen"
"724",-23.647,"Die Linke"
"725",-7.456,"Sozialdemokratische Partei Deutschlands"
"726",21.203,"Freie Demokratische Partei"
"727",20.312,"Christlich Demokratische Union"
"728",28.431,"Christlich Soziale Union"
"729",11.494,"Die Republikaner"
"730",2.115,"Die Gr√ºnen"
"731",-29.63,"Linke"
"732",-3.96,"Sozialdemokratische Partei √ñsterreichs"
"733",12.637,"Freiheitliche Partei √ñsterreichs"
"734",8.157,"√ñsterreichische Volkspartei"
"735",-15.789,"Liste Hans-Peter Martin"
"736",-23.144,"Green Party"
"737",15.217,"Labour Party"
"738",-2.339,"Social Democratic and Labour Party"
"739",3.67,"Liberal Democrats"
"740",21.271,"Conservative Party"
"741",13.825,"Plaid Cymru"
"742",4.734,"Scottish National Party"
"743",25.987,"Democratic Unionist Party"
"744",14.583,"Ulster Unionist Party"
"745",3.704,"United Kingdom Independence Party"
"746",-45.361,"Respect - The Unity Coalition"
"747",-25.026,"Sinn F√©in We Ourselves"
"748",-28.612,"Green Party - Comahoantas Glass"
"749",-12.245,"Irish Labour Party - P√°irt√≠ an Lucht Oibre"
"750",-5.117,"Gaelic Nation - Fine Gael"
"751",-9.308,"Soldiers of Destiny - Fianna F√°il"
"752",-25.026,"We Ourselves - Sinn F√©in"
"753",-30.081,"Komunistick√° Strana ƒåech a Moravy"
"754",-5.714,"ƒåesk√° Strana Soci√°lnƒõ Demokratick√°"
"755",31.429,"Sdru¬ûen√≠ Nez√°visl√Ωch a Evropsk√Ωch Demokratu"
"756",3.704,"Obƒ_ansk√° Demokratick√° Strana"
"757",-4.571,"Unie Svobody‚ÄìDemokratick√° Unie + Liber√°ln√≠ Reformn√≠ Strana + Obƒ_ansk√° Demokratick√° Aliance + Cesta Zmƒõny"
"758",5.435,"K≈ôes≈•ansk√° a Demokratick√° Unie - ƒåeskoslovensk√° Strana Lidov√°"
"759",13.043,"Nez√°visl√≠ - Politck√© Hnuti"
"760",-14.961,"Sotsiaaldemokraatlik Erakond"
"761",-2.062,"Eesti Keskerakond"
"762",15.842,"Eesti Reformierakond"
"763",4.9,"√úhendus Vabariigi Eest - Res Publica"
"764",2.963,"Eestimaa Rahvaliit"
"765",10.127,"Erakond Isamaaliit"
"766",2.439,"Magyar Szocialista P√°rt"
"767",11.789,"Fiatal Demokrat√°k Sz√∂vets√©ge"
"768",0.949,"Szabad Demokrat√°k Sz√∂vets√©ge"
"769",17.647,"Magyar Demokrata Forum"
"770",-2.439,"Zaƒºo un Zemnieku Savienƒ´ba"
"771",2.174,"Latvijas Ceƒº≈°"
"772",-7.018,"Jaunais Laiks"
"773",19.048,"Latvijas Pirmƒ_ Partija"
"774",1.471,"Tautas Partija"
"775",11.538,"Apvienƒ´ba 'Tƒìvzemei un Brƒ´vƒ´bai'"
"776",-3.333,"Latvijas Krievu Savienƒ´ba"
"777",-12.147,"Lietuvos Socialdemokrat≈≥ Partija"
"778",-2.924,"Darbo Partija"
"779",7.817,"Naujoji Sajunga"
"780",-5.063,"Liberal≈≥ ir Centro SƒÖjunga"
"781",8.533,"Lietuvos Krik≈°ƒ_ionys Demokratai"
"782",8.571,"Partija Tvarka ir Teisingumas"
"783",-25,"Krik≈°ƒ_ioni≈≥ Konservatori≈≥ Socialinƒó SƒÖjunga"
"784",-7.081,"Lietuvos Valstieƒ_i≈≥ ir ≈Ωali≈≥j≈≥ SƒÖjunga"
"785",14.456,"T√©vyn√®s Sajunga"
"786",0,"Lietuvos Lenk≈≥ Rinkim≈≥ Akcijos ir Lietuvos Rusu Sajungos Laolicijos Rinkimu Programa"
"787",-17.544,"Koalicja Sojuszu Lewicy Demokratycznej i Unii Pracy"
"788",25,"Socjaldemokratcja Polska"
"789",19.048,"Unia Wolno≈õci"
"790",11.392,"Platforma Obywatelska"
"791",20.93,"Prawo i Sprawiedliwo≈õƒá"
"792",18.75,"Samoobrona Rzeczypospolitej Polskiej"
"793",28.571,"Liga Polskich Rodzin"
"794",33.871,"Polskie Stronnictwo Ludowe"
"795",-22.857,"Strana Demokratickej L'avice"
"796",-28.947,"Komunistick√° Strana Slovenska"
"797",3.106,"Smer - Soci√°lna Demokracia"
"798",4.762,"Alianca Nov√©ho Obƒ_ana"
"799",12.179,"Kres≈•ansko-demokratick√© Hnutie"
"800",22.222,"Slovensk√° Demokratick√° a Kres≈•ansk√° √önia - Demokratick√° Strana"
"801",40.217,"Free Forum"
"802",42,"L'udova strana Hnutie za Demokratick√© Slovensko"
"803",-2.756,"Strana Maƒ_arskej Komunity - Magyar K√∂z√∂ss√©g P√°rtja"
"804",10.833,"Slovenska Demokratska Stranka"
"805",0.562,"Socialni Demokrati"
"806",2.427,"Liberalna Demokracija Slovenije"
"807",6.977,"Nova Slovenija - Kr≈°ƒ_anska Ljudska Stranka"
"808",7.166,"Slovenska Ljudska Stranka"
"809",-15.164,"Group of the Greens - European Free Alliance"
"810",-34.615,"Confederal Group of the European United Left - Nordic Green Left"
"811",-6.631,"Party of European Socialists"
"812",20,"Group of the Alliance of Liberals and Democrats for Europe"
"813",5.735,"European People's Party"
"814",20.408,"Union for Europe of the Nations Group"
"815",-16.667,"Non-attached Members"
"816",-1.562,"Milj√∂partiet de Gr√∂na"
"817",-12.458,"V√§nsterpartiet"
"818",-13.194,"Sverige Socialdemokratiska Arbetareparti"
"819",12.074,"Folkpartiet Liberalerna"
"820",0.909,"Kristdemokraterna"
"821",13.397,"Moderata Samlingspartiet"
"822",10.784,"Centerpartiet"
"823",-3.96,"Junilistan"
"824",20.245,"Piratpartiet"
"825",-31.068,"Socialistisk Folkeparti"
"826",-14.806,"Socialdemokraterne"
"827",-16.967,"Det Radikale Venstre"
"828",-16.485,"Venstre - Danmarks Liberale Parti"
"829",0.691,"Det Konservative Folkeparti"
"830",-3.784,"Dansk Folkeparti"
"831",-29.444,"Folkebev√¶gelsen Mod EU"
"832",-22.059,"JuniBev√¶gelsen"
"833",-19.828,"Vihre√§ Liitto"
"834",-25.641,"Vasemmistoliitto"
"835",-26.866,"Suomen Sosialidemokraattinen Puolue"
"836",-8.252,"Suomen Kristillisdemokraatit"
"837",13.514,"Kansallinen Kokoomus"
"838",-17.442,"Perussuomalaiset"
"839",-7.386,"Suomen Keskusta"
"840",-6.154,"Ruotsalainen Kansanpuolue - Svenska Folkpartiet I Finland"
"841",-11.744,"√âcologistes Conf√©d√©r√©s"
"842",-10.857,"Groen"
"843",-27.163,"Socialistische Partij Anders"
"844",-31.702,"Parti Socialiste"
"845",5.556,"Open Vlaamse Liberalen en Democraten"
"846",-29.799,"Mouvement R√©formateur"
"847",3.965,"Lijst Dedecker"
"848",-10.204,"Christen-Demokratisch & Vlaams"
"849",-20.017,"Centre Democrate Humaniste"
"850",8.969,"Front National"
"851",-15.359,"Nieuw-Vlaamse-Alliantie"
"852",-3.466,"Vlaams Belang"
"853",0.07,"GroenLinks"
"854",-24.865,"Socialistische Partij"
"855",1.034,"ChristenUnie - Staatskundig Gereformeerde Partij"
"856",-7.241,"Partij van de Arbeid"
"857",-12.216,"Democraten 66"
"858",7.843,"Volkspartij voor Vrijheid en Democratie"
"859",-1.533,"Christen Democratisch App√®l"
"860",-9.756,"Partij voor de Vrijheid"
"861",-29.56,"D√©i Gr√©ng"
"862",-24.02,"Letzebuergesch Sozialistesch Arbechterpartei"
"863",-8.683,"Demokratesch Partei"
"864",-10.938,"Chreschtlich Sozial Vollekspartei"
"865",-8.384,"Europe √âcologie"
"866",-3.529,"Lutte Ouvri√®re"
"867",-10.435,"Front de Gauche"
"868",-16.279,"Parti Socialiste"
"869",-14.618,"Union pour un Mouvement Populaire"
"870",2.116,"Front National"
"871",-20.769,"Mouvement D√©mocrate - Union des D√©mocrates et Ind√©pendants"
"872",-12.987,"Libertas France"
"873",-39.583,"Alliance des Outre-Mers"
"874",-30.645,"Lista Comunista e Anticapitalista"
"875",51.22,"Partito Radicale - Lista Bonino-Pannella"
"876",-3.419,"Partito Democratico"
"877",-5.882,"Sinistra, Ecologia e Libert√†"
"878",15.686,"Italia dei Valori - Lista Di Pietro"
"879",12,"Unione dei Democratici Cristiani e dei Democratici di Centro"
"880",-10.526,"Forza Italia"
"881",-2.981,"Lega Nord"
"882",6.962,"S√ºdtiroler Volkspartei"
"883",33.333,"L'Autonomia"
"884",-19.711,"Partido Verde Europeo"
"885",-30.933,"Izquierda Unida"
"886",-11.634,"Partido Socialista Obrero Espa√±ol - Partit dels Socialistes de Catalunya"
"887",2.388,"Uni√≥n Progreso y Democracia"
"888",15.789,"Centro Democr√°tico y Social - Coalici√≥n Foro"
"889",7.209,"Partido Popular"
"890",-13.378,"Conv√©rgencia i Uni√≤"
"891",-15.193,"Partido Nacionalista Vasco - Euzko Alderdi Jeltzalea"
"892",-12.062,"Esquerra Republicana de Catalunya"
"893",-16.863,"Bloque Nacionalista Galego"
"894",-19.149,"Kommounistiko Komma Ellados"
"895",-32.579,"Synaspismos Rizospastikis Aristeras"
"896",-7.368,"Panellinio Socialistico Kinima"
"897",21.93,"Nea Dimokratia"
"898",2.745,"Oikologoi Prasinoi - Komma Peiraton Elladas"
"899",13.514,"Laikos Orthodoxos Synagermos"
"900",-28.866,"Bloco do Esquerda"
"901",-29.412,"Coliga√ßao Democratica Unitaria"
"902",-18.051,"Partido Socialista Portugu√™sa"
"903",1.887,"Partido Social Democrata"
"904",20.101,"Partido Popular"
"905",-25.668,"Anorthotik√≥ K√≥mma Ergaz√≥menou Lao√∫"
"906",38.542,"Kinima Sosialdimokraton"
"907",19.748,"Dimokratik√≥ K√≥mma"
"908",11.524,"Dimokratikos Sinagermos"
"909",-8.235,"Partit Laburista"
"910",21.978,"Partit Nazzjonalista"
"911",-15.043,"B√ºndnis 90 - Die Gr√ºnen"
"912",-23.441,"Die Linke"
"913",-9.333,"Sozialdemokratische Partei Deutschlands"
"914",-0.823,"Freie Demokratische Partei"
"915",9.412,"Christlich Demokratische Union"
"916",2.844,"Christlich Soziale Union"
"917",10.989,"Die Republikaner"
"918",-5.758,"Die Gr√ºnen"
"919",-9.714,"Sozialdemokratische Partei √ñsterreichs"
"920",-1.053,"Freiheitliche Partei √ñsterreichs"
"921",-4.538,"Liberales Forum"
"922",-1.613,"√ñsterreichische Volkspartei"
"923",-10,"Liste Hans-Peter Martin"
"924",-12.085,"Green Party"
"925",-6.904,"Labour Party"
"926",-6.445,"Social Democratic and Labour Party"
"927",3.306,"Liberal Democrats"
"928",-0.251,"Conservative Party"
"929",2.174,"British National Party"
"930",-14.286,"Plaid Cymru"
"931",-11.698,"Scottish National Party"
"932",3.922,"Democratic Unionist Party"
"933",7.692,"United Kingdom Independence Party"
"934",-13.389,"Sinn F√©in We Ourselves"
"935",-12.295,"Green Party - Comahoantas Glass"
"936",-38.849,"Socialist Party - P√°irt√≠ S√≥isialach"
"937",-12.411,"Irish Labour Party - P√°irt√≠ an Lucht Oibre"
"938",-0.171,"Gaelic Nation - Fine Gael"
"939",-15.142,"Soldiers of Destiny - Fianna F√°il"
"940",-10.23,"We Ourselves - Sinn F√©in"
"941",-2.12,"Balgarska Socialisticheska Partija"
"942",9.505,"Sinjata Koalicija"
"943",2.655,"Dvizhenie za Prava i Swobodi"
"944",2.572,"Grazhdani za Evropejsko Razvitie na Bulgaria"
"945",-21.053,"Ataka"
"946",30.303,"Nazionalno Dwizhenie za Stabilnost i Prosperitet"
"947",-16.477,"Komunistick√° Strana ƒåech a Moravy"
"948",-21.528,"ƒåesk√° Strana Soci√°lnƒõ Demokratick√°"
"949",30.802,"Sdru¬ûen√≠ Nez√°visl√Ωch a Evropsk√Ωch Demokratu"
"950",15.044,"Obƒ_ansk√° Demokratick√° Strana"
"951",-3.057,"K≈ôes≈•ansk√° a Demokratick√° Unie - ƒåeskoslovensk√° Strana Lidov√°"
"952",21.101,"Nez√°visl√≠ - Politck√© Hnuti"
"953",-5.581,"Sotsiaaldemokraatlik Erakond"
"954",-19.886,"Eesti Keskerakond"
"955",13.362,"Eesti Reformierakond"
"956",9.023,"Isamaa ja Res Publica Liit"
"957",-7.393,"Magyar Szocialista P√°rt"
"958",-24.194,"Szabad Demokrat√°k Sz√∂vets√©ge"
"959",35.127,"Magyar Demokrata Forum"
"960",-5.683,"Fidesz Magyar Polg√°ri Sz√∂vets√©g - Kereszt√©nydemokrata N√©pp√°rt"
"961",-5.679,"Jobbik Magyarorsz√°g√©rt Mozgalom"
"962",-13.043,"Saska≈Üa Sociƒ_ldemokrƒ_tiskƒ_ partija (Saska≈Üas Centrs)"
"963",34.694,"Latvijas Pirmƒ_ Partija - Latvijas Ceƒº≈°"
"964",-15.385,"Jaunais Laiks"
"965",27.083,"Tautas Partija"
"966",20,"Pilsoniska Savieniba"
"967",4.762,"Apvienƒ´ba 'Tƒìvzemei un Brƒ´vƒ´bai'"
"968",9.756,"Latvijas Krievu Savienƒ´ba"
"969",-4.198,"Lietuvos Socialdemokrat≈≥ Partija"
"970",-18.478,"Darbo Partija"
"971",-3.385,"Lietuvos Respublikos Liberal≈≥ SƒÖj≈´dis"
"972",5.828,"Liberal≈≥ ir Centro SƒÖjunga"
"973",-8.247,"Partija Tvarka ir Teisingumas"
"974",0,"Lietuvos Valstieƒ_i≈≥ ir ≈Ωali≈≥j≈≥ SƒÖjunga"
"975",8.642,"T√©vyn√®s Sajunga - Lietuvos Krik≈°ƒ_ionys Demokratai"
"976",7.759,"Lietuvos Lenk≈≥ Rinkim≈≥ Akcijos"
"977",-8.515,"Koalicja Sojuszu Lewicy Demokratycznej i Unii Pracy"
"978",0.395,"Platforma Obywatelska"
"979",-5.923,"Prawo i Sprawiedliwo≈õƒá"
"980",7.821,"Porozumienie dla Przyszlosci - Centro Lewica"
"981",-10.417,"Samoobrona Rzeczypospolitej Polskiej"
"982",3.871,"Polskie Stronnictwo Ludowe"
"983",3.381,"Partidul Democrat Liberal"
"984",-1.341,"Partidul Na»õional Liberal"
"985",5.047,"Partidul Social Democrat + Uniunea Na»õionalƒÉ pentru Progresul Rom√¢niei + Partidul Conservator"
"986",-13.433,"Partidul Rom√¢nia Mare"
"987",-1.887,"Uniunea DemocratƒÉ MaghiarƒÉ din Rom√¢nia"
"988",-7.143,"Smer - Soci√°lna Demokracia"
"989",17.964,"Kres≈•ansko-demokratick√© Hnutie"
"990",8.914,"Slovensk√° Demokratick√° a Kres≈•ansk√° √önia - Demokratick√° Strana"
"991",-8.333,"Slovensk√° N√°rodn√° Strana"
"992",-1.144,"L'udova strana Hnutie za Demokratick√© Slovensko"
"993",-6.364,"Strana Maƒ_arskej Komunity - Magyar K√∂z√∂ss√©g P√°rtja"
"994",12.903,"Slovenska Demokratska Stranka"
"995",3.532,"Socialni Demokrati"
"996",18.841,"Liberalna Demokracija Slovenije"
"997",2.102,"Zares"
"998",-14.545,"Nova Slovenija - Kr≈°ƒ_anska Ljudska Stranka"
"999",11.765,"Slovenska Ljudska Stranka"
"1000",-7.062,"Group of the Greens - European Free Alliance"
"1001",-10.599,"Party of European Socialists"
"1002",10.334,"Group of the Alliance of Liberals and Democrats for Europe"
"1003",14.66,"European People's Party"
"1004",-3.511,"European Conservatives and Reformist Group"
"1005",0,"Europe of Freedom and Democracy"
"1006",-5.449,"Milj√∂partiet de Gr√∂na"
"1007",-28.409,"V√§nsterpartiet"
"1008",-22.581,"Sverige Socialdemokratiska Arbetareparti"
"1009",-5.78,"Folkpartiet Liberalerna"
"1010",14.286,"Kristdemokraterna"
"1011",0,"Moderata Samlingspartiet"
"1012",-13.043,"Sverigedemokraterna"
"1013",0.403,"Centerpartiet"
"1014",1.818,"Feministiskt Initiativ"
"1015",-35.897,"Junilistan"
"1016",9.412,"Piratpartiet"
"1017",-8.676,"Socialistisk Folkeparti"
"1018",-24.742,"Socialdemokraterne"
"1019",-8.451,"Det Radikale Venstre"
"1020",17.412,"Venstre - Danmarks Liberale Parti"
"1021",2.119,"Det Konservative Folkeparti"
"1022",-11.864,"Dansk Folkeparti"
"1023",-19.403,"Folkebev√¶gelsen Mod EU"
"1024",-8.651,"Vihre√§ Liitto"
"1025",-0.806,"Vasemmistoliitto"
"1026",-16.667,"Suomen Sosialidemokraattinen Puolue"
"1027",-3.937,"Suomen Kristillisdemokraatit"
"1028",0.741,"Kansallinen Kokoomus"
"1029",1.099,"Perussuomalaiset"
"1030",-6.831,"Suomen Keskusta"
"1031",-0.637,"Ruotsalainen Kansanpuolue - Svenska Folkpartiet I Finland"
"1032",-16.571,"√âcologistes Conf√©d√©r√©s"
"1033",-3.342,"Groen"
"1034",-18.911,"Socialistische Partij Anders"
"1035",-23.51,"Parti Socialiste"
"1036",2.381,"Open Vlaamse Liberalen en Democraten"
"1037",-2.303,"Mouvement R√©formateur"
"1038",-16.261,"Christlich Soziale Partei"
"1039",4.829,"Christen-Demokratisch & Vlaams"
"1040",-12.657,"Centre Democrate Humaniste"
"1041",-17.248,"Nieuw-Vlaamse-Alliantie"
"1042",0.508,"Vlaams Belang"
"1043",-5.645,"GroenLinks"
"1044",-5.974,"Partij voor de Dieren"
"1045",-6.209,"Socialistische Partij"
"1046",5.353,"ChristenUnie - Staatskundig Gereformeerde Partij"
"1047",2.954,"Partij van de Arbeid"
"1048",3.158,"Democraten 66"
"1049",18.888,"Volkspartij voor Vrijheid en Democratie"
"1050",2.42,"Christen-Democratisch App√®l"
"1051",18.868,"Partij voor de Vrijheid"
"1052",-21.133,"D√©i Gr√©ng"
"1053",-29.31,"Letzebuergesch Sozialistesch Arbechterpartei"
"1054",-5.774,"Democratesch Partei"
"1055",-1.408,"Chreschtlich Sozial Vollekspartei"
"1056",-18.303,"Europe √âcologie - Les Verts"
"1057",-28.571,"Lutte Ouvri√®re"
"1058",-15.439,"Front de Gauche"
"1059",-9.589,"Parti Socialiste - Parti Radical de Gauche"
"1060",11.712,"Union pour un Mouvement Populaire"
"1061",-5.882,"Front National"
"1062",-1.364,"Mouvement D√©mocrate - Union des D√©mocrates et Ind√©pendants"
"1063",22.222,"Movimento 5 Stelle"
"1064",-32.527,"L'Altra Europa con Tsipras"
"1065",-16.456,"Partito Democratico"
"1066",18.605,"Forza Italia"
"1067",-11.028,"Lega Nord"
"1068",-6.164,"S√ºdtiroler Volkspartei"
"1069",-23.669,"Coalici√≥n Izquierda Plural"
"1070",-20.81,"Coalici√≥n Primavera Europea"
"1071",-21.077,"Podemos"
"1072",-12.428,"Partido Socialista Obrero Espa√±ol - Partit dels Socialistes de Catalunya"
"1073",-7.036,"Ciudadanos - Partido de la Ciudadan√≠a"
"1074",-5.918,"Uni√≥n Progreso y Democracia"
"1075",3.976,"Partido Popular"
"1076",-24.8,"Coalici√≥n Los Pueblos Deciden"
"1077",-2.339,"Kommounistiko Komma Ellados"
"1078",-12.05,"Synaspismos Rizospastikis Aristeras"
"1079",23.81,"Anexartitoi Ellines"
"1080",-2.736,"Elia Dimokratiki Parataxi"
"1081",2.333,"To Potami"
"1082",26.901,"Nea Dimokratia"
"1083",-2.144,"Oikologoi Prasinoi - Komma Peiraton Elladas"
"1084",56.195,"Laikos Syndesmos - Chrysi Avgi"
"1085",35.556,"Laikos Orthodoxos Synagermos"
"1086",-16.26,"Partido da Terra"
"1087",-8.967,"Bloco do Esquerda"
"1088",-23.684,"Coliga√ßao Democratica Unitaria"
"1089",-8.049,"Partido Socialista Portugu√™sa"
"1090",1.966,"Partido Social Democrata - Partido Popular"
"1091",-23.944,"Anorthotik√≥ K√≥mma Ergaz√≥menou Lao√∫"
"1092",8.163,"Kinima Sosialdimokraton"
"1093",-1.887,"Dimokratik√≥ K√≥mma"
"1094",17.928,"Dimokratikos Synagermos"
"1095",1.087,"Partit Laburista"
"1096",6,"Partit Nazzjonalista"
"1097",-7.299,"√ñkologisch-Demokratische Partei"
"1098",-9,"B√ºndnis 90 - Die Gr√ºnen"
"1099",-21.158,"Die Linke"
"1100",-12.422,"Sozialdemokratische Partei Deutschlands"
"1101",6.739,"Freie Demokratische Partei"
"1102",-0.54,"Christlich Demokratische Union"
"1103",1.272,"Christlich Soziale Union"
"1104",2.151,"Nationaldemokratische Partei Deutschlands"
"1105",-6.468,"Freie W√§hler"
"1106",-0.315,"Alternative f√ºr Deutschland"
"1107",-3.266,"Piratenpartei Deutschland"
"1108",-9.064,"Familienpartei Deutschlands"
"1109",9.615,"Die Partei"
"1110",-10.95,"Partei Mensch Umwelt Tierschutz"
"1111",-6.89,"Die Gr√ºnen"
"1112",-14.427,"Sozialdemokratische Partei √ñsterreichs"
"1113",12.222,"Freiheitliche Partei √ñsterreichs"
"1114",-5.889,"NEOS Das Neue √ñsterreich und Liberales Forum"
"1115",-6.885,"√ñsterreichische Volkspartei"
"1116",-2.299,"Green Party"
"1117",-1.146,"Labour Party"
"1118",-17.202,"Social Democratic and Labour Party"
"1119",-1.809,"Liberal Democrats"
"1120",-4.918,"Conservative Party"
"1121",9.524,"British National Party"
"1122",-8.463,"Plaid Cymru"
"1123",-2.083,"Scottish National Party"
"1124",5.924,"Democratic Unionist Party"
"1125",-12.371,"Ulster Unionist Party"
"1126",-7.292,"United Kingdom Independence Party"
"1127",-0.928,"Sinn F√©in We Ourselves"
"1128",-0.8,"Green Party - Comahoantas Glass"
"1129",6.25,"Socialist Party - P√°irt√≠ S√≥isialach"
"1130",9.615,"Irish Labour Party - P√°irt√≠ an Lucht Oibre"
"1131",10.575,"Gaelic Nation - Fine Gael"
"1132",-11.333,"Soldiers of Destiny - Fianna F√°il"
"1133",-3.092,"We Ourselves - Sinn F√©in"
"1134",2.098,"Balgarska Socialisticheska Partija"
"1135",-17.094,"Dvizhenie za Prava i Swobodi"
"1136",6.383,"Reformatorski Blok"
"1137",-2.884,"Grazhdani za Evropejsko Razvitie na Bulgaria"
"1138",3.571,"Balgarija bes Zensura + Bulgarsko Natsionalno Dvizhenie + Zemedelski Naroden Sajuz + Dvizhenie Gergyovden"
"1139",-3.154,"Ataka"
"1140",-30,"Nazionalno Dwizhenie za Stabilnost i Prosperitet"
"1141",-18.902,"Odr≈æivi razvoj Hrvatske"
"1142",9.836,"Socijaldemokratska Partija Hrvatske + Hrvatska Narodna Stranka ‚Äì Liberalni Demokrati + Istarski Demokratski Sabor"
"1143",6.13,"Hrvatska Demokratska Zajednica + Hrvatska Seljaƒ_ka Stranka + Hrvatska stranka prava Ante Starƒ_eviƒá"
"1144",-25.574,"Komunistick√° Strana ƒåech a Moravy"
"1145",-29.412,"ƒåesk√° Strana Soci√°lnƒõ Demokratick√°"
"1146",4.902,"Obƒ_ansk√° Demokratick√° Strana"
"1147",7.045,"ANO 2011"
"1148",8.577,"Strana Svobodn√Ωch Obƒ_an≈Ø"
"1149",-0.549,"K≈ôes≈•ansk√° a Demokratick√° Unie - ƒåeskoslovensk√° Strana Lidov√°"
"1150",4.925,"TOP 09 - Starostov√© a Nez√°visl√≠"
"1151",-8.475,"Sotsiaaldemokraatlik Erakond"
"1152",-14.826,"Eesti Keskerakond"
"1153",7.862,"Eesti Reformierakond"
"1154",-1,"Isamaa ja Res Publica Liit"
"1155",-17.178,"Egy√ºtt¬†- a Korszakv√°lt√≥k P√°rtja + P√°rbesz√©d Magyarorsz√°g√©rt"
"1156",-21.725,"Lehet M√°s a Politika"
"1157",-18.681,"Magyar Szocialista P√°rt"
"1158",-2.395,"Demokratikus Koal√≠ci√≥"
"1159",25.142,"Fidesz Magyar Polg√°ri Sz√∂vets√©g - Kereszt√©nydemokrata N√©pp√°rt"
"1160",-14.316,"Jobbik Magyarorsz√°g√©rt Mozgalom"
"1161",-8.475,"Zaƒºo un Zemnieku Savienƒ´ba"
"1162",-19.231,"Saska≈Üa Sociƒ_ldemokrƒ_tiskƒ_ partija (Saska≈Üas Centrs)"
"1163",1.754,"Partija Vienotƒ´ba"
"1164",-7.692,"Nacionƒ_lƒ_ Apvienƒ´ba Visu Latvijai! - Tƒìvzemei un Brƒ´vƒ´bai/LNNK"
"1165",-12.698,"Latvijas Krievu Savienƒ´ba"
"1166",-24.324,"Lietuvos Socialdemokrat≈≥ Partija"
"1167",0.881,"Darbo Partija"
"1168",16.667,"Lietuvos Respublikos Liberal≈≥ SƒÖj≈´dis"
"1169",-1.829,"Liberal≈≥ ir Centro SƒÖjunga"
"1170",22.705,"Partija Tvarka ir Teisingumas"
"1171",-32.168,"Lietuvos Valstieƒ_i≈≥ ir ≈Ωali≈≥j≈≥ SƒÖjunga"
"1172",13.005,"T√©vyn√®s Sajunga - Lietuvos Krik≈°ƒ_ionys Demokratai"
"1173",10.87,"Lenk≈≥ Rinkim≈≥ Akcijos ir Rus≈≥ Aljanso Koalicija Valdemaro Toma≈°evskio Blokas"
"1174",-2.985,"Koalicja Sojuszu Lewicy Demokratycznej i Unii Pracy"
"1175",8.745,"Platforma Obywatelska"
"1176",25.45,"Prawo i Sprawiedliwo≈õƒá"
"1177",20,"Kongres Nowej Prawicy"
"1178",-3.226,"Polskie Stronnictwo Ludowe"
"1179",1.579,"Partidul Democrat Liberal"
"1180",1.739,"Partidul Na»õional Liberal"
"1181",5.935,"Partidul Social Democrat + Uniunea Na»õionalƒÉ pentru Progresul Rom√¢niei + Partidul Conservator"
"1182",-8.208,"Partidul Mi»ôcarea PopularƒÉ"
"1183",-4.918,"Uniunea DemocratƒÉ MaghiarƒÉ din Rom√¢nia"
"1184",-8.824,"Most-H√≠d"
"1185",-2.203,"Smer - Soci√°lna Demokracia"
"1186",17.989,"Kres≈•ansko-demokratick√© Hnutie"
"1187",7.377,"Slovensk√° Demokratick√° a Kres≈•ansk√° √önia - Demokratick√° Strana"
"1188",20.988,"Sloboda a Solidarita"
"1189",0.952,"NOVA + Kres≈•anskodemokratick√° Strana + Obƒ_ianska Konzervat√≠vna Strana"
"1190",-10.695,"Obyƒ_ajn√≠ ƒΩudia a Nez√°visl√© Osobnosti"
"1191",-10.87,"Slovensk√° N√°rodn√° Strana"
"1192",-3.812,"Strana Maƒ_arskej Komunity - Magyar K√∂z√∂ss√©g P√°rtja"
"1193",15.517,"Slovenska Demokratska Stranka"
"1194",-7.19,"Socialni Demokrati"
"1195",-7.692,"Verjamem"
"1196",17.442,"Zares"
"1197",44.681,"Nova Slovenija - Slovenska Ljudska Stranka"
"1198",-13.603,"Demokratiƒ_na Stranka Upokojencev Slovenije"
